id,source_root,relative_path,name,extension,media_type,size_bytes,initial_category,full_path
N0001,E:\BaiduNetdiskDownload\26年6月30000元64节最新线下编导训练中心视频课完整版,1-1 搭建剪辑素材库.mp4,1-1 搭建剪辑素材库.mp4,.mp4,video,751167841,个人IP,E:\BaiduNetdiskDownload\26年6月30000元64节最新线下编导训练中心视频课完整版\1-1 搭建剪辑素材库.mp4
N0002,E:\BaiduNetdiskDownload\26年6月30000元64节最新线下编导训练中心视频课完整版,1-2 剪映软件基础使用.mp4,1-2 剪映软件基础使用.mp4,.mp4,video,719458121,个人IP,E:\BaiduNetdiskDownload\26年6月30000元64节最新线下编导训练中心视频课完整版\1-2 剪映软件基础使用.mp4
N0003,E:\BaiduNetdiskDownload\26年6月30000元64节最新线下编导训练中心视频课完整版,1-3 剪辑基础实操.mp4,1-3 剪辑基础实操.mp4,.mp4,video,658516364,个人IP,E:\BaiduNetdiskDownload\26年6月30000元64节最新线下编导训练中心视频课完整版\1-3 剪辑基础实操.mp4
N0004,E:\BaiduNetdiskDownload\26年6月30000元64节最新线下编导训练中心视频课完整版,10-1 大流量观点选题技巧.mp4,10-1 大流量观点选题技巧.mp4,.mp4,video,1393845847,个人IP,E:\BaiduNetdiskDownload\26年6月30000元64节最新线下编导训练中心视频课完整版\10-1 大流量观点选题技巧.mp4
N0005,E:\BaiduNetdiskDownload\26年6月30000元64节最新线下编导训练中心视频课完整版,10-2 精准流量的观点选题技巧.mp4,10-2 精准流量的观点选题技巧.mp4,.mp4,video,469023588,个人IP,E:\BaiduNetdiskDownload\26年6月30000元64节最新线下编导训练中心视频课完整版\10-2 精准流量的观点选题技巧.mp4
N0006,E:\BaiduNetdiskDownload\26年6月30000元64节最新线下编导训练中心视频课完整版,10-3 观点脚本六大论据.mp4,10-3 观点脚本六大论据.mp4,.mp4,video,878172856,个人IP,E:\BaiduNetdiskDownload\26年6月30000元64节最新线下编导训练中心视频课完整版\10-3 观点脚本六大论据.mp4
N0007,E:\BaiduNetdiskDownload\26年6月30000元64节最新线下编导训练中心视频课完整版,100套面试简历模板+大礼包\简历\0001简历.doc,0001简历.doc,.doc,document,218338,个人IP,E:\BaiduNetdiskDownload\26年6月30000元64节最新线下编导训练中心视频课完整版\100套面试简历模板+大礼包\简历\0001简历.doc
N0008,E:\BaiduNetdiskDownload\26年6月30000元64节最新线下编导训练中心视频课完整版,100套面试简历模板+大礼包\简历\0001简历.png,0001简历.png,.png,image,228851,个人IP,E:\BaiduNetdiskDownload\26年6月30000元64节最新线下编导训练中心视频课完整版\100套面试简历模板+大礼包\简历\0001简历.png
N0009,E:\BaiduNetdiskDownload\26年6月30000元64节最新线下编导训练中心视频课完整版,100套面试简历模板+大礼包\简历\0002简历.doc,0002简历.doc,.doc,document,38058,个人IP,E:\BaiduNetdiskDownload\26年6月30000元64节最新线下编导训练中心视频课完整版\100套面试简历模板+大礼包\简历\0002简历.doc
N0010,E:\BaiduNetdiskDownload\26年6月30000元64节最新线下编导训练中心视频课完整版,100套面试简历模板+大礼包\简历\0002简历.png,0002简历.png,.png,image,225104,个人IP,E:\BaiduNetdiskDownload\26年6月30000元64节最新线下编导训练中心视频课完整版\100套面试简历模板+大礼包\简历\0002简历.png
N0011,E:\BaiduNetdiskDownload\26年6月30000元64节最新线下编导训练中心视频课完整版,100套面试简历模板+大礼包\简历\0003简历.doc,0003简历.doc,.doc,document,93351,个人IP,E:\BaiduNetdiskDownload\26年6月30000元64节最新线下编导训练中心视频课完整版\100套面试简历模板+大礼包\简历\0003简历.doc
N0012,E:\BaiduNetdiskDownload\26年6月30000元64节最新线下编导训练中心视频课完整版,100套面试简历模板+大礼包\简历\0003简历.png,0003简历.png,.png,image,256459,个人IP,E:\BaiduNetdiskDownload\26年6月30000元64节最新线下编导训练中心视频课完整版\100套面试简历模板+大礼包\简历\0003简历.png
N0013,E:\BaiduNetdiskDownload\26年6月30000元64节最新线下编导训练中心视频课完整版,100套面试简历模板+大礼包\简历\0004简历.docx,0004简历.docx,.docx,document,113345,个人IP,E:\BaiduNetdiskDownload\26年6月30000元64节最新线下编导训练中心视频课完整版\100套面试简历模板+大礼包\简历\0004简历.docx
N0014,E:\BaiduNetdiskDownload\26年6月30000元64节最新线下编导训练中心视频课完整版,100套面试简历模板+大礼包\简历\0004简历.png,0004简历.png,.png,image,231965,个人IP,E:\BaiduNetdiskDownload\26年6月30000元64节最新线下编导训练中心视频课完整版\100套面试简历模板+大礼包\简历\0004简历.png
N0015,E:\BaiduNetdiskDownload\26年6月30000元64节最新线下编导训练中心视频课完整版,100套面试简历模板+大礼包\简历\0005简历(1).png,0005简历(1).png,.png,image,243547,个人IP,E:\BaiduNetdiskDownload\26年6月30000元64节最新线下编导训练中心视频课完整版\100套面试简历模板+大礼包\简历\0005简历(1).png
N0016,E:\BaiduNetdiskDownload\26年6月30000元64节最新线下编导训练中心视频课完整版,100套面试简历模板+大礼包\简历\0005简历.docx,0005简历.docx,.docx,document,187678,个人IP,E:\BaiduNetdiskDownload\26年6月30000元64节最新线下编导训练中心视频课完整版\100套面试简历模板+大礼包\简历\0005简历.docx
N0017,E:\BaiduNetdiskDownload\26年6月30000元64节最新线下编导训练中心视频课完整版,100套面试简历模板+大礼包\简历\0005简历.png,0005简历.png,.png,image,243547,个人IP,E:\BaiduNetdiskDownload\26年6月30000元64节最新线下编导训练中心视频课完整版\100套面试简历模板+大礼包\简历\0005简历.png
N0018,E:\BaiduNetdiskDownload\26年6月30000元64节最新线下编导训练中心视频课完整版,100套面试简历模板+大礼包\简历\0006简历(1).docx,0006简历(1).docx,.docx,document,166590,个人IP,E:\BaiduNetdiskDownload\26年6月30000元64节最新线下编导训练中心视频课完整版\100套面试简历模板+大礼包\简历\0006简历(1).docx
N0019,E:\BaiduNetdiskDownload\26年6月30000元64节最新线下编导训练中心视频课完整版,100套面试简历模板+大礼包\简历\0006简历.docx,0006简历.docx,.docx,document,166590,个人IP,E:\BaiduNetdiskDownload\26年6月30000元64节最新线下编导训练中心视频课完整版\100套面试简历模板+大礼包\简历\0006简历.docx
N0020,E:\BaiduNetdiskDownload\26年6月30000元64节最新线下编导训练中心视频课完整版,100套面试简历模板+大礼包\简历\0006简历.png,0006简历.png,.png,image,242214,个人IP,E:\BaiduNetdiskDownload\26年6月30000元64节最新线下编导训练中心视频课完整版\100套面试简历模板+大礼包\简历\0006简历.png
N0021,E:\BaiduNetdiskDownload\26年6月30000元64节最新线下编导训练中心视频课完整版,100套面试简历模板+大礼包\简历\0007简历(1).png,0007简历(1).png,.png,image,222379,个人IP,E:\BaiduNetdiskDownload\26年6月30000元64节最新线下编导训练中心视频课完整版\100套面试简历模板+大礼包\简历\0007简历(1).png
N0022,E:\BaiduNetdiskDownload\26年6月30000元64节最新线下编导训练中心视频课完整版,100套面试简历模板+大礼包\简历\0007简历.doc,0007简历.doc,.doc,document,219903,个人IP,E:\BaiduNetdiskDownload\26年6月30000元64节最新线下编导训练中心视频课完整版\100套面试简历模板+大礼包\简历\0007简历.doc
N0023,E:\BaiduNetdiskDownload\26年6月30000元64节最新线下编导训练中心视频课完整版,100套面试简历模板+大礼包\简历\0007简历.png,0007简历.png,.png,image,222379,个人IP,E:\BaiduNetdiskDownload\26年6月30000元64节最新线下编导训练中心视频课完整版\100套面试简历模板+大礼包\简历\0007简历.png
N0024,E:\BaiduNetdiskDownload\26年6月30000元64节最新线下编导训练中心视频课完整版,100套面试简历模板+大礼包\简历\0008简历.doc,0008简历.doc,.doc,document,104202,个人IP,E:\BaiduNetdiskDownload\26年6月30000元64节最新线下编导训练中心视频课完整版\100套面试简历模板+大礼包\简历\0008简历.doc
N0025,E:\BaiduNetdiskDownload\26年6月30000元64节最新线下编导训练中心视频课完整版,100套面试简历模板+大礼包\简历\0008简历.png,0008简历.png,.png,image,170268,个人IP,E:\BaiduNetdiskDownload\26年6月30000元64节最新线下编导训练中心视频课完整版\100套面试简历模板+大礼包\简历\0008简历.png
N0026,E:\BaiduNetdiskDownload\26年6月30000元64节最新线下编导训练中心视频课完整版,100套面试简历模板+大礼包\简历\0009简历.docx,0009简历.docx,.docx,document,232097,个人IP,E:\BaiduNetdiskDownload\26年6月30000元64节最新线下编导训练中心视频课完整版\100套面试简历模板+大礼包\简历\0009简历.docx
N0027,E:\BaiduNetdiskDownload\26年6月30000元64节最新线下编导训练中心视频课完整版,100套面试简历模板+大礼包\简历\0009简历.png,0009简历.png,.png,image,264096,个人IP,E:\BaiduNetdiskDownload\26年6月30000元64节最新线下编导训练中心视频课完整版\100套面试简历模板+大礼包\简历\0009简历.png
N0028,E:\BaiduNetdiskDownload\26年6月30000元64节最新线下编导训练中心视频课完整版,100套面试简历模板+大礼包\简历\0010简历.doc,0010简历.doc,.doc,document,80884,个人IP,E:\BaiduNetdiskDownload\26年6月30000元64节最新线下编导训练中心视频课完整版\100套面试简历模板+大礼包\简历\0010简历.doc
N0029,E:\BaiduNetdiskDownload\26年6月30000元64节最新线下编导训练中心视频课完整版,100套面试简历模板+大礼包\简历\0010简历.png,0010简历.png,.png,image,243714,个人IP,E:\BaiduNetdiskDownload\26年6月30000元64节最新线下编导训练中心视频课完整版\100套面试简历模板+大礼包\简历\0010简历.png
N0030,E:\BaiduNetdiskDownload\26年6月30000元64节最新线下编导训练中心视频课完整版,100套面试简历模板+大礼包\简历\0011简历.docx,0011简历.docx,.docx,document,51252,个人IP,E:\BaiduNetdiskDownload\26年6月30000元64节最新线下编导训练中心视频课完整版\100套面试简历模板+大礼包\简历\0011简历.docx
N0031,E:\BaiduNetdiskDownload\26年6月30000元64节最新线下编导训练中心视频课完整版,100套面试简历模板+大礼包\简历\0011简历.png,0011简历.png,.png,image,231284,个人IP,E:\BaiduNetdiskDownload\26年6月30000元64节最新线下编导训练中心视频课完整版\100套面试简历模板+大礼包\简历\0011简历.png
N0032,E:\BaiduNetdiskDownload\26年6月30000元64节最新线下编导训练中心视频课完整版,100套面试简历模板+大礼包\简历\0012简历.docx,0012简历.docx,.docx,document,138161,个人IP,E:\BaiduNetdiskDownload\26年6月30000元64节最新线下编导训练中心视频课完整版\100套面试简历模板+大礼包\简历\0012简历.docx
N0033,E:\BaiduNetdiskDownload\26年6月30000元64节最新线下编导训练中心视频课完整版,100套面试简历模板+大礼包\简历\0012简历.png,0012简历.png,.png,image,189231,个人IP,E:\BaiduNetdiskDownload\26年6月30000元64节最新线下编导训练中心视频课完整版\100套面试简历模板+大礼包\简历\0012简历.png
N0034,E:\BaiduNetdiskDownload\26年6月30000元64节最新线下编导训练中心视频课完整版,100套面试简历模板+大礼包\简历\0013简历.docx,0013简历.docx,.docx,document,104662,个人IP,E:\BaiduNetdiskDownload\26年6月30000元64节最新线下编导训练中心视频课完整版\100套面试简历模板+大礼包\简历\0013简历.docx
N0035,E:\BaiduNetdiskDownload\26年6月30000元64节最新线下编导训练中心视频课完整版,100套面试简历模板+大礼包\简历\0013简历.png,0013简历.png,.png,image,172275,个人IP,E:\BaiduNetdiskDownload\26年6月30000元64节最新线下编导训练中心视频课完整版\100套面试简历模板+大礼包\简历\0013简历.png
N0036,E:\BaiduNetdiskDownload\26年6月30000元64节最新线下编导训练中心视频课完整版,100套面试简历模板+大礼包\简历\0014简历.doc,0014简历.doc,.doc,document,152996,个人IP,E:\BaiduNetdiskDownload\26年6月30000元64节最新线下编导训练中心视频课完整版\100套面试简历模板+大礼包\简历\0014简历.doc
N0037,E:\BaiduNetdiskDownload\26年6月30000元64节最新线下编导训练中心视频课完整版,100套面试简历模板+大礼包\简历\0014简历.png,0014简历.png,.png,image,354294,个人IP,E:\BaiduNetdiskDownload\26年6月30000元64节最新线下编导训练中心视频课完整版\100套面试简历模板+大礼包\简历\0014简历.png
N0038,E:\BaiduNetdiskDownload\26年6月30000元64节最新线下编导训练中心视频课完整版,100套面试简历模板+大礼包\简历\0015简历.doc,0015简历.doc,.doc,document,424471,个人IP,E:\BaiduNetdiskDownload\26年6月30000元64节最新线下编导训练中心视频课完整版\100套面试简历模板+大礼包\简历\0015简历.doc
N0039,E:\BaiduNetdiskDownload\26年6月30000元64节最新线下编导训练中心视频课完整版,100套面试简历模板+大礼包\简历\0015简历.png,0015简历.png,.png,image,446994,个人IP,E:\BaiduNetdiskDownload\26年6月30000元64节最新线下编导训练中心视频课完整版\100套面试简历模板+大礼包\简历\0015简历.png
N0040,E:\BaiduNetdiskDownload\26年6月30000元64节最新线下编导训练中心视频课完整版,100套面试简历模板+大礼包\简历\0016简历.doc,0016简历.doc,.doc,document,541568,个人IP,E:\BaiduNetdiskDownload\26年6月30000元64节最新线下编导训练中心视频课完整版\100套面试简历模板+大礼包\简历\0016简历.doc
N0041,E:\BaiduNetdiskDownload\26年6月30000元64节最新线下编导训练中心视频课完整版,100套面试简历模板+大礼包\简历\0016简历.png,0016简历.png,.png,image,1451615,个人IP,E:\BaiduNetdiskDownload\26年6月30000元64节最新线下编导训练中心视频课完整版\100套面试简历模板+大礼包\简历\0016简历.png
N0042,E:\BaiduNetdiskDownload\26年6月30000元64节最新线下编导训练中心视频课完整版,100套面试简历模板+大礼包\简历\0017简历.doc,0017简历.doc,.doc,document,110871,个人IP,E:\BaiduNetdiskDownload\26年6月30000元64节最新线下编导训练中心视频课完整版\100套面试简历模板+大礼包\简历\0017简历.doc
N0043,E:\BaiduNetdiskDownload\26年6月30000元64节最新线下编导训练中心视频课完整版,100套面试简历模板+大礼包\简历\0017简历.png,0017简历.png,.png,image,220269,个人IP,E:\BaiduNetdiskDownload\26年6月30000元64节最新线下编导训练中心视频课完整版\100套面试简历模板+大礼包\简历\0017简历.png
N0044,E:\BaiduNetdiskDownload\26年6月30000元64节最新线下编导训练中心视频课完整版,100套面试简历模板+大礼包\简历\0018简历.doc,0018简历.doc,.doc,document,62270,个人IP,E:\BaiduNetdiskDownload\26年6月30000元64节最新线下编导训练中心视频课完整版\100套面试简历模板+大礼包\简历\0018简历.doc
N0045,E:\BaiduNetdiskDownload\26年6月30000元64节最新线下编导训练中心视频课完整版,100套面试简历模板+大礼包\简历\0018简历.png,0018简历.png,.png,image,178283,个人IP,E:\BaiduNetdiskDownload\26年6月30000元64节最新线下编导训练中心视频课完整版\100套面试简历模板+大礼包\简历\0018简历.png
N0046,E:\BaiduNetdiskDownload\26年6月30000元64节最新线下编导训练中心视频课完整版,100套面试简历模板+大礼包\简历\0019简历.docx,0019简历.docx,.docx,document,634332,个人IP,E:\BaiduNetdiskDownload\26年6月30000元64节最新线下编导训练中心视频课完整版\100套面试简历模板+大礼包\简历\0019简历.docx
N0047,E:\BaiduNetdiskDownload\26年6月30000元64节最新线下编导训练中心视频课完整版,100套面试简历模板+大礼包\简历\0019简历.png,0019简历.png,.png,image,306713,个人IP,E:\BaiduNetdiskDownload\26年6月30000元64节最新线下编导训练中心视频课完整版\100套面试简历模板+大礼包\简历\0019简历.png
N0048,E:\BaiduNetdiskDownload\26年6月30000元64节最新线下编导训练中心视频课完整版,100套面试简历模板+大礼包\简历\0020简历.docx,0020简历.docx,.docx,document,57158,个人IP,E:\BaiduNetdiskDownload\26年6月30000元64节最新线下编导训练中心视频课完整版\100套面试简历模板+大礼包\简历\0020简历.docx
N0049,E:\BaiduNetdiskDownload\26年6月30000元64节最新线下编导训练中心视频课完整版,100套面试简历模板+大礼包\简历\0020简历.png,0020简历.png,.png,image,142777,个人IP,E:\BaiduNetdiskDownload\26年6月30000元64节最新线下编导训练中心视频课完整版\100套面试简历模板+大礼包\简历\0020简历.png
N0050,E:\BaiduNetdiskDownload\26年6月30000元64节最新线下编导训练中心视频课完整版,100套面试简历模板+大礼包\简历\0021简历.doc,0021简历.doc,.doc,document,79346,个人IP,E:\BaiduNetdiskDownload\26年6月30000元64节最新线下编导训练中心视频课完整版\100套面试简历模板+大礼包\简历\0021简历.doc
N0051,E:\BaiduNetdiskDownload\26年6月30000元64节最新线下编导训练中心视频课完整版,100套面试简历模板+大礼包\简历\0021简历.png,0021简历.png,.png,image,216936,个人IP,E:\BaiduNetdiskDownload\26年6月30000元64节最新线下编导训练中心视频课完整版\100套面试简历模板+大礼包\简历\0021简历.png
N0052,E:\BaiduNetdiskDownload\26年6月30000元64节最新线下编导训练中心视频课完整版,100套面试简历模板+大礼包\简历\0022简历.docx,0022简历.docx,.docx,document,3170308,个人IP,E:\BaiduNetdiskDownload\26年6月30000元64节最新线下编导训练中心视频课完整版\100套面试简历模板+大礼包\简历\0022简历.docx
N0053,E:\BaiduNetdiskDownload\26年6月30000元64节最新线下编导训练中心视频课完整版,100套面试简历模板+大礼包\简历\0022简历.png,0022简历.png,.png,image,815710,个人IP,E:\BaiduNetdiskDownload\26年6月30000元64节最新线下编导训练中心视频课完整版\100套面试简历模板+大礼包\简历\0022简历.png
N0054,E:\BaiduNetdiskDownload\26年6月30000元64节最新线下编导训练中心视频课完整版,100套面试简历模板+大礼包\简历\0023简历.docx,0023简历.docx,.docx,document,178710,个人IP,E:\BaiduNetdiskDownload\26年6月30000元64节最新线下编导训练中心视频课完整版\100套面试简历模板+大礼包\简历\0023简历.docx
N0055,E:\BaiduNetdiskDownload\26年6月30000元64节最新线下编导训练中心视频课完整版,100套面试简历模板+大礼包\简历\0023简历.png,0023简历.png,.png,image,223529,个人IP,E:\BaiduNetdiskDownload\26年6月30000元64节最新线下编导训练中心视频课完整版\100套面试简历模板+大礼包\简历\0023简历.png
N0056,E:\BaiduNetdiskDownload\26年6月30000元64节最新线下编导训练中心视频课完整版,100套面试简历模板+大礼包\简历\0024简历.docx,0024简历.docx,.docx,document,144787,个人IP,E:\BaiduNetdiskDownload\26年6月30000元64节最新线下编导训练中心视频课完整版\100套面试简历模板+大礼包\简历\0024简历.docx
N0057,E:\BaiduNetdiskDownload\26年6月30000元64节最新线下编导训练中心视频课完整版,100套面试简历模板+大礼包\简历\0024简历.png,0024简历.png,.png,image,216010,个人IP,E:\BaiduNetdiskDownload\26年6月30000元64节最新线下编导训练中心视频课完整版\100套面试简历模板+大礼包\简历\0024简历.png
N0058,E:\BaiduNetdiskDownload\26年6月30000元64节最新线下编导训练中心视频课完整版,100套面试简历模板+大礼包\简历\0025简历.docx,0025简历.docx,.docx,document,418451,个人IP,E:\BaiduNetdiskDownload\26年6月30000元64节最新线下编导训练中心视频课完整版\100套面试简历模板+大礼包\简历\0025简历.docx
N0059,E:\BaiduNetdiskDownload\26年6月30000元64节最新线下编导训练中心视频课完整版,100套面试简历模板+大礼包\简历\0025简历.png,0025简历.png,.png,image,371216,个人IP,E:\BaiduNetdiskDownload\26年6月30000元64节最新线下编导训练中心视频课完整版\100套面试简历模板+大礼包\简历\0025简历.png
N0060,E:\BaiduNetdiskDownload\26年6月30000元64节最新线下编导训练中心视频课完整版,100套面试简历模板+大礼包\简历\0026简历.doc,0026简历.doc,.doc,document,119272,个人IP,E:\BaiduNetdiskDownload\26年6月30000元64节最新线下编导训练中心视频课完整版\100套面试简历模板+大礼包\简历\0026简历.doc
N0061,E:\BaiduNetdiskDownload\26年6月30000元64节最新线下编导训练中心视频课完整版,100套面试简历模板+大礼包\简历\0026简历.png,0026简历.png,.png,image,261561,个人IP,E:\BaiduNetdiskDownload\26年6月30000元64节最新线下编导训练中心视频课完整版\100套面试简历模板+大礼包\简历\0026简历.png
N0062,E:\BaiduNetdiskDownload\26年6月30000元64节最新线下编导训练中心视频课完整版,100套面试简历模板+大礼包\简历\0027简历.doc,0027简历.doc,.doc,document,466422,个人IP,E:\BaiduNetdiskDownload\26年6月30000元64节最新线下编导训练中心视频课完整版\100套面试简历模板+大礼包\简历\0027简历.doc
N0063,E:\BaiduNetdiskDownload\26年6月30000元64节最新线下编导训练中心视频课完整版,100套面试简历模板+大礼包\简历\0027简历.png,0027简历.png,.png,image,610480,个人IP,E:\BaiduNetdiskDownload\26年6月30000元64节最新线下编导训练中心视频课完整版\100套面试简历模板+大礼包\简历\0027简历.png
N0064,E:\BaiduNetdiskDownload\26年6月30000元64节最新线下编导训练中心视频课完整版,100套面试简历模板+大礼包\简历\0028简历.doc,0028简历.doc,.doc,document,92328,个人IP,E:\BaiduNetdiskDownload\26年6月30000元64节最新线下编导训练中心视频课完整版\100套面试简历模板+大礼包\简历\0028简历.doc
N0065,E:\BaiduNetdiskDownload\26年6月30000元64节最新线下编导训练中心视频课完整版,100套面试简历模板+大礼包\简历\0028简历.png,0028简历.png,.png,image,234120,个人IP,E:\BaiduNetdiskDownload\26年6月30000元64节最新线下编导训练中心视频课完整版\100套面试简历模板+大礼包\简历\0028简历.png
N0066,E:\BaiduNetdiskDownload\26年6月30000元64节最新线下编导训练中心视频课完整版,100套面试简历模板+大礼包\简历\0029简历.doc,0029简历.doc,.doc,document,116770,个人IP,E:\BaiduNetdiskDownload\26年6月30000元64节最新线下编导训练中心视频课完整版\100套面试简历模板+大礼包\简历\0029简历.doc
N0067,E:\BaiduNetdiskDownload\26年6月30000元64节最新线下编导训练中心视频课完整版,100套面试简历模板+大礼包\简历\0029简历.png,0029简历.png,.png,image,187776,个人IP,E:\BaiduNetdiskDownload\26年6月30000元64节最新线下编导训练中心视频课完整版\100套面试简历模板+大礼包\简历\0029简历.png
N0068,E:\BaiduNetdiskDownload\26年6月30000元64节最新线下编导训练中心视频课完整版,100套面试简历模板+大礼包\简历\0030简历.png,0030简历.png,.png,image,229605,个人IP,E:\BaiduNetdiskDownload\26年6月30000元64节最新线下编导训练中心视频课完整版\100套面试简历模板+大礼包\简历\0030简历.png
N0069,E:\BaiduNetdiskDownload\26年6月30000元64节最新线下编导训练中心视频课完整版,100套面试简历模板+大礼包\简历\0030简历.wps,0030简历.wps,.wps,document,86287,个人IP,E:\BaiduNetdiskDownload\26年6月30000元64节最新线下编导训练中心视频课完整版\100套面试简历模板+大礼包\简历\0030简历.wps
N0070,E:\BaiduNetdiskDownload\26年6月30000元64节最新线下编导训练中心视频课完整版,100套面试简历模板+大礼包\简历\0031简历.docx,0031简历.docx,.docx,document,161026,个人IP,E:\BaiduNetdiskDownload\26年6月30000元64节最新线下编导训练中心视频课完整版\100套面试简历模板+大礼包\简历\0031简历.docx
N0071,E:\BaiduNetdiskDownload\26年6月30000元64节最新线下编导训练中心视频课完整版,100套面试简历模板+大礼包\简历\0031简历.png,0031简历.png,.png,image,204621,个人IP,E:\BaiduNetdiskDownload\26年6月30000元64节最新线下编导训练中心视频课完整版\100套面试简历模板+大礼包\简历\0031简历.png
N0072,E:\BaiduNetdiskDownload\26年6月30000元64节最新线下编导训练中心视频课完整版,100套面试简历模板+大礼包\简历\0032简历.doc,0032简历.doc,.doc,document,77294,个人IP,E:\BaiduNetdiskDownload\26年6月30000元64节最新线下编导训练中心视频课完整版\100套面试简历模板+大礼包\简历\0032简历.doc
N0073,E:\BaiduNetdiskDownload\26年6月30000元64节最新线下编导训练中心视频课完整版,100套面试简历模板+大礼包\简历\0032简历.png,0032简历.png,.png,image,271622,个人IP,E:\BaiduNetdiskDownload\26年6月30000元64节最新线下编导训练中心视频课完整版\100套面试简历模板+大礼包\简历\0032简历.png
N0074,E:\BaiduNetdiskDownload\26年6月30000元64节最新线下编导训练中心视频课完整版,100套面试简历模板+大礼包\简历\0033简历.doc,0033简历.doc,.doc,document,207872,个人IP,E:\BaiduNetdiskDownload\26年6月30000元64节最新线下编导训练中心视频课完整版\100套面试简历模板+大礼包\简历\0033简历.doc
N0075,E:\BaiduNetdiskDownload\26年6月30000元64节最新线下编导训练中心视频课完整版,100套面试简历模板+大礼包\简历\0033简历.png,0033简历.png,.png,image,261356,个人IP,E:\BaiduNetdiskDownload\26年6月30000元64节最新线下编导训练中心视频课完整版\100套面试简历模板+大礼包\简历\0033简历.png
N0076,E:\BaiduNetdiskDownload\26年6月30000元64节最新线下编导训练中心视频课完整版,100套面试简历模板+大礼包\简历\0034简历.docx,0034简历.docx,.docx,document,134371,个人IP,E:\BaiduNetdiskDownload\26年6月30000元64节最新线下编导训练中心视频课完整版\100套面试简历模板+大礼包\简历\0034简历.docx
N0077,E:\BaiduNetdiskDownload\26年6月30000元64节最新线下编导训练中心视频课完整版,100套面试简历模板+大礼包\简历\0034简历.png,0034简历.png,.png,image,325536,个人IP,E:\BaiduNetdiskDownload\26年6月30000元64节最新线下编导训练中心视频课完整版\100套面试简历模板+大礼包\简历\0034简历.png
N0078,E:\BaiduNetdiskDownload\26年6月30000元64节最新线下编导训练中心视频课完整版,100套面试简历模板+大礼包\简历\0035简历.docx,0035简历.docx,.docx,document,609669,个人IP,E:\BaiduNetdiskDownload\26年6月30000元64节最新线下编导训练中心视频课完整版\100套面试简历模板+大礼包\简历\0035简历.docx
N0079,E:\BaiduNetdiskDownload\26年6月30000元64节最新线下编导训练中心视频课完整版,100套面试简历模板+大礼包\简历\0035简历.png,0035简历.png,.png,image,842996,个人IP,E:\BaiduNetdiskDownload\26年6月30000元64节最新线下编导训练中心视频课完整版\100套面试简历模板+大礼包\简历\0035简历.png
N0080,E:\BaiduNetdiskDownload\26年6月30000元64节最新线下编导训练中心视频课完整版,100套面试简历模板+大礼包\简历\0036简历.docx,0036简历.docx,.docx,document,102554,个人IP,E:\BaiduNetdiskDownload\26年6月30000元64节最新线下编导训练中心视频课完整版\100套面试简历模板+大礼包\简历\0036简历.docx
N0081,E:\BaiduNetdiskDownload\26年6月30000元64节最新线下编导训练中心视频课完整版,100套面试简历模板+大礼包\简历\0036简历.png,0036简历.png,.png,image,210145,个人IP,E:\BaiduNetdiskDownload\26年6月30000元64节最新线下编导训练中心视频课完整版\100套面试简历模板+大礼包\简历\0036简历.png
N0082,E:\BaiduNetdiskDownload\26年6月30000元64节最新线下编导训练中心视频课完整版,100套面试简历模板+大礼包\简历\0037简历.doc,0037简历.doc,.doc,document,53401,个人IP,E:\BaiduNetdiskDownload\26年6月30000元64节最新线下编导训练中心视频课完整版\100套面试简历模板+大礼包\简历\0037简历.doc
N0083,E:\BaiduNetdiskDownload\26年6月30000元64节最新线下编导训练中心视频课完整版,100套面试简历模板+大礼包\简历\0037简历.png,0037简历.png,.png,image,196276,个人IP,E:\BaiduNetdiskDownload\26年6月30000元64节最新线下编导训练中心视频课完整版\100套面试简历模板+大礼包\简历\0037简历.png
N0084,E:\BaiduNetdiskDownload\26年6月30000元64节最新线下编导训练中心视频课完整版,100套面试简历模板+大礼包\简历\0038简历.doc,0038简历.doc,.doc,document,2224706,个人IP,E:\BaiduNetdiskDownload\26年6月30000元64节最新线下编导训练中心视频课完整版\100套面试简历模板+大礼包\简历\0038简历.doc
N0085,E:\BaiduNetdiskDownload\26年6月30000元64节最新线下编导训练中心视频课完整版,100套面试简历模板+大礼包\简历\0038简历.png,0038简历.png,.png,image,176448,个人IP,E:\BaiduNetdiskDownload\26年6月30000元64节最新线下编导训练中心视频课完整版\100套面试简历模板+大礼包\简历\0038简历.png
N0086,E:\BaiduNetdiskDownload\26年6月30000元64节最新线下编导训练中心视频课完整版,100套面试简历模板+大礼包\简历\0039简历.doc,0039简历.doc,.doc,document,859561,个人IP,E:\BaiduNetdiskDownload\26年6月30000元64节最新线下编导训练中心视频课完整版\100套面试简历模板+大礼包\简历\0039简历.doc
N0087,E:\BaiduNetdiskDownload\26年6月30000元64节最新线下编导训练中心视频课完整版,100套面试简历模板+大礼包\简历\0039简历.png,0039简历.png,.png,image,204066,个人IP,E:\BaiduNetdiskDownload\26年6月30000元64节最新线下编导训练中心视频课完整版\100套面试简历模板+大礼包\简历\0039简历.png
N0088,E:\BaiduNetdiskDownload\26年6月30000元64节最新线下编导训练中心视频课完整版,100套面试简历模板+大礼包\简历\0040简历.doc,0040简历.doc,.doc,document,107008,个人IP,E:\BaiduNetdiskDownload\26年6月30000元64节最新线下编导训练中心视频课完整版\100套面试简历模板+大礼包\简历\0040简历.doc
N0089,E:\BaiduNetdiskDownload\26年6月30000元64节最新线下编导训练中心视频课完整版,100套面试简历模板+大礼包\简历\0040简历.png,0040简历.png,.png,image,203686,个人IP,E:\BaiduNetdiskDownload\26年6月30000元64节最新线下编导训练中心视频课完整版\100套面试简历模板+大礼包\简历\0040简历.png
N0090,E:\BaiduNetdiskDownload\26年6月30000元64节最新线下编导训练中心视频课完整版,100套面试简历模板+大礼包\简历\0041简历.doc,0041简历.doc,.doc,document,94756,个人IP,E:\BaiduNetdiskDownload\26年6月30000元64节最新线下编导训练中心视频课完整版\100套面试简历模板+大礼包\简历\0041简历.doc
N0091,E:\BaiduNetdiskDownload\26年6月30000元64节最新线下编导训练中心视频课完整版,100套面试简历模板+大礼包\简历\0041简历.png,0041简历.png,.png,image,226278,个人IP,E:\BaiduNetdiskDownload\26年6月30000元64节最新线下编导训练中心视频课完整版\100套面试简历模板+大礼包\简历\0041简历.png
N0092,E:\BaiduNetdiskDownload\26年6月30000元64节最新线下编导训练中心视频课完整版,100套面试简历模板+大礼包\简历\0042简历.doc,0042简历.doc,.doc,document,224020,个人IP,E:\BaiduNetdiskDownload\26年6月30000元64节最新线下编导训练中心视频课完整版\100套面试简历模板+大礼包\简历\0042简历.doc
N0093,E:\BaiduNetdiskDownload\26年6月30000元64节最新线下编导训练中心视频课完整版,100套面试简历模板+大礼包\简历\0042简历.png,0042简历.png,.png,image,183194,个人IP,E:\BaiduNetdiskDownload\26年6月30000元64节最新线下编导训练中心视频课完整版\100套面试简历模板+大礼包\简历\0042简历.png
N0094,E:\BaiduNetdiskDownload\26年6月30000元64节最新线下编导训练中心视频课完整版,100套面试简历模板+大礼包\简历\0043简历.doc,0043简历.doc,.doc,document,92269,个人IP,E:\BaiduNetdiskDownload\26年6月30000元64节最新线下编导训练中心视频课完整版\100套面试简历模板+大礼包\简历\0043简历.doc
N0095,E:\BaiduNetdiskDownload\26年6月30000元64节最新线下编导训练中心视频课完整版,100套面试简历模板+大礼包\简历\0043简历.png,0043简历.png,.png,image,245037,个人IP,E:\BaiduNetdiskDownload\26年6月30000元64节最新线下编导训练中心视频课完整版\100套面试简历模板+大礼包\简历\0043简历.png
N0096,E:\BaiduNetdiskDownload\26年6月30000元64节最新线下编导训练中心视频课完整版,100套面试简历模板+大礼包\简历\0044简历.doc,0044简历.doc,.doc,document,99643,个人IP,E:\BaiduNetdiskDownload\26年6月30000元64节最新线下编导训练中心视频课完整版\100套面试简历模板+大礼包\简历\0044简历.doc
N0097,E:\BaiduNetdiskDownload\26年6月30000元64节最新线下编导训练中心视频课完整版,100套面试简历模板+大礼包\简历\0044简历.png,0044简历.png,.png,image,259156,个人IP,E:\BaiduNetdiskDownload\26年6月30000元64节最新线下编导训练中心视频课完整版\100套面试简历模板+大礼包\简历\0044简历.png
N0098,E:\BaiduNetdiskDownload\26年6月30000元64节最新线下编导训练中心视频课完整版,100套面试简历模板+大礼包\简历\0045简历.doc,0045简历.doc,.doc,document,3300739,个人IP,E:\BaiduNetdiskDownload\26年6月30000元64节最新线下编导训练中心视频课完整版\100套面试简历模板+大礼包\简历\0045简历.doc
N0099,E:\BaiduNetdiskDownload\26年6月30000元64节最新线下编导训练中心视频课完整版,100套面试简历模板+大礼包\简历\0045简历.png,0045简历.png,.png,image,208103,个人IP,E:\BaiduNetdiskDownload\26年6月30000元64节最新线下编导训练中心视频课完整版\100套面试简历模板+大礼包\简历\0045简历.png
N0100,E:\BaiduNetdiskDownload\26年6月30000元64节最新线下编导训练中心视频课完整版,100套面试简历模板+大礼包\简历\0046简历.doc,0046简历.doc,.doc,document,88796,个人IP,E:\BaiduNetdiskDownload\26年6月30000元64节最新线下编导训练中心视频课完整版\100套面试简历模板+大礼包\简历\0046简历.doc
N0101,E:\BaiduNetdiskDownload\26年6月30000元64节最新线下编导训练中心视频课完整版,100套面试简历模板+大礼包\简历\0046简历.png,0046简历.png,.png,image,182689,个人IP,E:\BaiduNetdiskDownload\26年6月30000元64节最新线下编导训练中心视频课完整版\100套面试简历模板+大礼包\简历\0046简历.png
N0102,E:\BaiduNetdiskDownload\26年6月30000元64节最新线下编导训练中心视频课完整版,100套面试简历模板+大礼包\简历\0047简历.doc,0047简历.doc,.doc,document,177408,个人IP,E:\BaiduNetdiskDownload\26年6月30000元64节最新线下编导训练中心视频课完整版\100套面试简历模板+大礼包\简历\0047简历.doc
N0103,E:\BaiduNetdiskDownload\26年6月30000元64节最新线下编导训练中心视频课完整版,100套面试简历模板+大礼包\简历\0047简历.png,0047简历.png,.png,image,198341,个人IP,E:\BaiduNetdiskDownload\26年6月30000元64节最新线下编导训练中心视频课完整版\100套面试简历模板+大礼包\简历\0047简历.png
N0104,E:\BaiduNetdiskDownload\26年6月30000元64节最新线下编导训练中心视频课完整版,100套面试简历模板+大礼包\简历\0048简历.doc,0048简历.doc,.doc,document,110297,个人IP,E:\BaiduNetdiskDownload\26年6月30000元64节最新线下编导训练中心视频课完整版\100套面试简历模板+大礼包\简历\0048简历.doc
N0105,E:\BaiduNetdiskDownload\26年6月30000元64节最新线下编导训练中心视频课完整版,100套面试简历模板+大礼包\简历\0048简历.png,0048简历.png,.png,image,230671,个人IP,E:\BaiduNetdiskDownload\26年6月30000元64节最新线下编导训练中心视频课完整版\100套面试简历模板+大礼包\简历\0048简历.png
N0106,E:\BaiduNetdiskDownload\26年6月30000元64节最新线下编导训练中心视频课完整版,100套面试简历模板+大礼包\简历\0049简历.doc,0049简历.doc,.doc,document,898829,个人IP,E:\BaiduNetdiskDownload\26年6月30000元64节最新线下编导训练中心视频课完整版\100套面试简历模板+大礼包\简历\0049简历.doc
N0107,E:\BaiduNetdiskDownload\26年6月30000元64节最新线下编导训练中心视频课完整版,100套面试简历模板+大礼包\简历\0049简历.png,0049简历.png,.png,image,169771,个人IP,E:\BaiduNetdiskDownload\26年6月30000元64节最新线下编导训练中心视频课完整版\100套面试简历模板+大礼包\简历\0049简历.png
N0108,E:\BaiduNetdiskDownload\26年6月30000元64节最新线下编导训练中心视频课完整版,100套面试简历模板+大礼包\简历\0050简历.doc,0050简历.doc,.doc,document,1611264,个人IP,E:\BaiduNetdiskDownload\26年6月30000元64节最新线下编导训练中心视频课完整版\100套面试简历模板+大礼包\简历\0050简历.doc
N0109,E:\BaiduNetdiskDownload\26年6月30000元64节最新线下编导训练中心视频课完整版,100套面试简历模板+大礼包\简历\0050简历.png,0050简历.png,.png,image,323974,个人IP,E:\BaiduNetdiskDownload\26年6月30000元64节最新线下编导训练中心视频课完整版\100套面试简历模板+大礼包\简历\0050简历.png
N0110,E:\BaiduNetdiskDownload\26年6月30000元64节最新线下编导训练中心视频课完整版,100套面试简历模板+大礼包\简历\0051简历.doc,0051简历.doc,.doc,document,772665,个人IP,E:\BaiduNetdiskDownload\26年6月30000元64节最新线下编导训练中心视频课完整版\100套面试简历模板+大礼包\简历\0051简历.doc
N0111,E:\BaiduNetdiskDownload\26年6月30000元64节最新线下编导训练中心视频课完整版,100套面试简历模板+大礼包\简历\0051简历.png,0051简历.png,.png,image,215306,个人IP,E:\BaiduNetdiskDownload\26年6月30000元64节最新线下编导训练中心视频课完整版\100套面试简历模板+大礼包\简历\0051简历.png
N0112,E:\BaiduNetdiskDownload\26年6月30000元64节最新线下编导训练中心视频课完整版,100套面试简历模板+大礼包\简历\0052简历.doc,0052简历.doc,.doc,document,795974,个人IP,E:\BaiduNetdiskDownload\26年6月30000元64节最新线下编导训练中心视频课完整版\100套面试简历模板+大礼包\简历\0052简历.doc
N0113,E:\BaiduNetdiskDownload\26年6月30000元64节最新线下编导训练中心视频课完整版,100套面试简历模板+大礼包\简历\0052简历.png,0052简历.png,.png,image,192532,个人IP,E:\BaiduNetdiskDownload\26年6月30000元64节最新线下编导训练中心视频课完整版\100套面试简历模板+大礼包\简历\0052简历.png
N0114,E:\BaiduNetdiskDownload\26年6月30000元64节最新线下编导训练中心视频课完整版,100套面试简历模板+大礼包\简历\0053简历.doc,0053简历.doc,.doc,document,517562,个人IP,E:\BaiduNetdiskDownload\26年6月30000元64节最新线下编导训练中心视频课完整版\100套面试简历模板+大礼包\简历\0053简历.doc
N0115,E:\BaiduNetdiskDownload\26年6月30000元64节最新线下编导训练中心视频课完整版,100套面试简历模板+大礼包\简历\0053简历.png,0053简历.png,.png,image,180162,个人IP,E:\BaiduNetdiskDownload\26年6月30000元64节最新线下编导训练中心视频课完整版\100套面试简历模板+大礼包\简历\0053简历.png
N0116,E:\BaiduNetdiskDownload\26年6月30000元64节最新线下编导训练中心视频课完整版,100套面试简历模板+大礼包\简历\0054简历.doc,0054简历.doc,.doc,document,854592,个人IP,E:\BaiduNetdiskDownload\26年6月30000元64节最新线下编导训练中心视频课完整版\100套面试简历模板+大礼包\简历\0054简历.doc
N0117,E:\BaiduNetdiskDownload\26年6月30000元64节最新线下编导训练中心视频课完整版,100套面试简历模板+大礼包\简历\0054简历.png,0054简历.png,.png,image,193997,个人IP,E:\BaiduNetdiskDownload\26年6月30000元64节最新线下编导训练中心视频课完整版\100套面试简历模板+大礼包\简历\0054简历.png
N0118,E:\BaiduNetdiskDownload\26年6月30000元64节最新线下编导训练中心视频课完整版,100套面试简历模板+大礼包\简历\0055简历.doc,0055简历.doc,.doc,document,90460,个人IP,E:\BaiduNetdiskDownload\26年6月30000元64节最新线下编导训练中心视频课完整版\100套面试简历模板+大礼包\简历\0055简历.doc
N0119,E:\BaiduNetdiskDownload\26年6月30000元64节最新线下编导训练中心视频课完整版,100套面试简历模板+大礼包\简历\0055简历.png,0055简历.png,.png,image,210714,个人IP,E:\BaiduNetdiskDownload\26年6月30000元64节最新线下编导训练中心视频课完整版\100套面试简历模板+大礼包\简历\0055简历.png
N0120,E:\BaiduNetdiskDownload\26年6月30000元64节最新线下编导训练中心视频课完整版,100套面试简历模板+大礼包\简历\0056简历.doc,0056简历.doc,.doc,document,55660,个人IP,E:\BaiduNetdiskDownload\26年6月30000元64节最新线下编导训练中心视频课完整版\100套面试简历模板+大礼包\简历\0056简历.doc
N0121,E:\BaiduNetdiskDownload\26年6月30000元64节最新线下编导训练中心视频课完整版,100套面试简历模板+大礼包\简历\0056简历.png,0056简历.png,.png,image,259012,个人IP,E:\BaiduNetdiskDownload\26年6月30000元64节最新线下编导训练中心视频课完整版\100套面试简历模板+大礼包\简历\0056简历.png
N0122,E:\BaiduNetdiskDownload\26年6月30000元64节最新线下编导训练中心视频课完整版,100套面试简历模板+大礼包\简历\0057简历.doc,0057简历.doc,.doc,document,87320,个人IP,E:\BaiduNetdiskDownload\26年6月30000元64节最新线下编导训练中心视频课完整版\100套面试简历模板+大礼包\简历\0057简历.doc
N0123,E:\BaiduNetdiskDownload\26年6月30000元64节最新线下编导训练中心视频课完整版,100套面试简历模板+大礼包\简历\0057简历.png,0057简历.png,.png,image,298994,个人IP,E:\BaiduNetdiskDownload\26年6月30000元64节最新线下编导训练中心视频课完整版\100套面试简历模板+大礼包\简历\0057简历.png
N0124,E:\BaiduNetdiskDownload\26年6月30000元64节最新线下编导训练中心视频课完整版,100套面试简历模板+大礼包\简历\0058简历.doc,0058简历.doc,.doc,document,69120,个人IP,E:\BaiduNetdiskDownload\26年6月30000元64节最新线下编导训练中心视频课完整版\100套面试简历模板+大礼包\简历\0058简历.doc
N0125,E:\BaiduNetdiskDownload\26年6月30000元64节最新线下编导训练中心视频课完整版,100套面试简历模板+大礼包\简历\0058简历.png,0058简历.png,.png,image,351636,个人IP,E:\BaiduNetdiskDownload\26年6月30000元64节最新线下编导训练中心视频课完整版\100套面试简历模板+大礼包\简历\0058简历.png
N0126,E:\BaiduNetdiskDownload\26年6月30000元64节最新线下编导训练中心视频课完整版,100套面试简历模板+大礼包\简历\0059简历.doc,0059简历.doc,.doc,document,122802,个人IP,E:\BaiduNetdiskDownload\26年6月30000元64节最新线下编导训练中心视频课完整版\100套面试简历模板+大礼包\简历\0059简历.doc
N0127,E:\BaiduNetdiskDownload\26年6月30000元64节最新线下编导训练中心视频课完整版,100套面试简历模板+大礼包\简历\0059简历.png,0059简历.png,.png,image,192278,个人IP,E:\BaiduNetdiskDownload\26年6月30000元64节最新线下编导训练中心视频课完整版\100套面试简历模板+大礼包\简历\0059简历.png
N0128,E:\BaiduNetdiskDownload\26年6月30000元64节最新线下编导训练中心视频课完整版,100套面试简历模板+大礼包\简历\0060简历.docx,0060简历.docx,.docx,document,80506,个人IP,E:\BaiduNetdiskDownload\26年6月30000元64节最新线下编导训练中心视频课完整版\100套面试简历模板+大礼包\简历\0060简历.docx
N0129,E:\BaiduNetdiskDownload\26年6月30000元64节最新线下编导训练中心视频课完整版,100套面试简历模板+大礼包\简历\0060简历.png,0060简历.png,.png,image,207237,个人IP,E:\BaiduNetdiskDownload\26年6月30000元64节最新线下编导训练中心视频课完整版\100套面试简历模板+大礼包\简历\0060简历.png
N0130,E:\BaiduNetdiskDownload\26年6月30000元64节最新线下编导训练中心视频课完整版,100套面试简历模板+大礼包\简历\0061简历.doc,0061简历.doc,.doc,document,102076,个人IP,E:\BaiduNetdiskDownload\26年6月30000元64节最新线下编导训练中心视频课完整版\100套面试简历模板+大礼包\简历\0061简历.doc
N0131,E:\BaiduNetdiskDownload\26年6月30000元64节最新线下编导训练中心视频课完整版,100套面试简历模板+大礼包\简历\0061简历.png,0061简历.png,.png,image,301088,个人IP,E:\BaiduNetdiskDownload\26年6月30000元64节最新线下编导训练中心视频课完整版\100套面试简历模板+大礼包\简历\0061简历.png
N0132,E:\BaiduNetdiskDownload\26年6月30000元64节最新线下编导训练中心视频课完整版,100套面试简历模板+大礼包\简历\0062简历.doc,0062简历.doc,.doc,document,68878,个人IP,E:\BaiduNetdiskDownload\26年6月30000元64节最新线下编导训练中心视频课完整版\100套面试简历模板+大礼包\简历\0062简历.doc
N0133,E:\BaiduNetdiskDownload\26年6月30000元64节最新线下编导训练中心视频课完整版,100套面试简历模板+大礼包\简历\0062简历.png,0062简历.png,.png,image,189413,个人IP,E:\BaiduNetdiskDownload\26年6月30000元64节最新线下编导训练中心视频课完整版\100套面试简历模板+大礼包\简历\0062简历.png
N0134,E:\BaiduNetdiskDownload\26年6月30000元64节最新线下编导训练中心视频课完整版,100套面试简历模板+大礼包\简历\0063简历.doc,0063简历.doc,.doc,document,384109,个人IP,E:\BaiduNetdiskDownload\26年6月30000元64节最新线下编导训练中心视频课完整版\100套面试简历模板+大礼包\简历\0063简历.doc
N0135,E:\BaiduNetdiskDownload\26年6月30000元64节最新线下编导训练中心视频课完整版,100套面试简历模板+大礼包\简历\0063简历.png,0063简历.png,.png,image,257146,个人IP,E:\BaiduNetdiskDownload\26年6月30000元64节最新线下编导训练中心视频课完整版\100套面试简历模板+大礼包\简历\0063简历.png
N0136,E:\BaiduNetdiskDownload\26年6月30000元64节最新线下编导训练中心视频课完整版,100套面试简历模板+大礼包\简历\0064简历.doc,0064简历.doc,.doc,document,1749732,个人IP,E:\BaiduNetdiskDownload\26年6月30000元64节最新线下编导训练中心视频课完整版\100套面试简历模板+大礼包\简历\0064简历.doc
N0137,E:\BaiduNetdiskDownload\26年6月30000元64节最新线下编导训练中心视频课完整版,100套面试简历模板+大礼包\简历\0064简历.png,0064简历.png,.png,image,999789,个人IP,E:\BaiduNetdiskDownload\26年6月30000元64节最新线下编导训练中心视频课完整版\100套面试简历模板+大礼包\简历\0064简历.png
N0138,E:\BaiduNetdiskDownload\26年6月30000元64节最新线下编导训练中心视频课完整版,100套面试简历模板+大礼包\简历\0065简历.doc,0065简历.doc,.doc,document,97085,个人IP,E:\BaiduNetdiskDownload\26年6月30000元64节最新线下编导训练中心视频课完整版\100套面试简历模板+大礼包\简历\0065简历.doc
N0139,E:\BaiduNetdiskDownload\26年6月30000元64节最新线下编导训练中心视频课完整版,100套面试简历模板+大礼包\简历\0065简历.png,0065简历.png,.png,image,258316,个人IP,E:\BaiduNetdiskDownload\26年6月30000元64节最新线下编导训练中心视频课完整版\100套面试简历模板+大礼包\简历\0065简历.png
N0140,E:\BaiduNetdiskDownload\26年6月30000元64节最新线下编导训练中心视频课完整版,100套面试简历模板+大礼包\简历\0066简历.docx,0066简历.docx,.docx,document,117119,个人IP,E:\BaiduNetdiskDownload\26年6月30000元64节最新线下编导训练中心视频课完整版\100套面试简历模板+大礼包\简历\0066简历.docx
N0141,E:\BaiduNetdiskDownload\26年6月30000元64节最新线下编导训练中心视频课完整版,100套面试简历模板+大礼包\简历\0066简历.png,0066简历.png,.png,image,224491,个人IP,E:\BaiduNetdiskDownload\26年6月30000元64节最新线下编导训练中心视频课完整版\100套面试简历模板+大礼包\简历\0066简历.png
N0142,E:\BaiduNetdiskDownload\26年6月30000元64节最新线下编导训练中心视频课完整版,100套面试简历模板+大礼包\简历\0067简历.docx,0067简历.docx,.docx,document,185588,个人IP,E:\BaiduNetdiskDownload\26年6月30000元64节最新线下编导训练中心视频课完整版\100套面试简历模板+大礼包\简历\0067简历.docx
N0143,E:\BaiduNetdiskDownload\26年6月30000元64节最新线下编导训练中心视频课完整版,100套面试简历模板+大礼包\简历\0067简历.png,0067简历.png,.png,image,222883,个人IP,E:\BaiduNetdiskDownload\26年6月30000元64节最新线下编导训练中心视频课完整版\100套面试简历模板+大礼包\简历\0067简历.png
N0144,E:\BaiduNetdiskDownload\26年6月30000元64节最新线下编导训练中心视频课完整版,100套面试简历模板+大礼包\简历\0068简历.docx,0068简历.docx,.docx,document,144435,个人IP,E:\BaiduNetdiskDownload\26年6月30000元64节最新线下编导训练中心视频课完整版\100套面试简历模板+大礼包\简历\0068简历.docx
N0145,E:\BaiduNetdiskDownload\26年6月30000元64节最新线下编导训练中心视频课完整版,100套面试简历模板+大礼包\简历\0068简历.png,0068简历.png,.png,image,266811,个人IP,E:\BaiduNetdiskDownload\26年6月30000元64节最新线下编导训练中心视频课完整版\100套面试简历模板+大礼包\简历\0068简历.png
N0146,E:\BaiduNetdiskDownload\26年6月30000元64节最新线下编导训练中心视频课完整版,100套面试简历模板+大礼包\简历\0069简历.docx,0069简历.docx,.docx,document,170051,个人IP,E:\BaiduNetdiskDownload\26年6月30000元64节最新线下编导训练中心视频课完整版\100套面试简历模板+大礼包\简历\0069简历.docx
N0147,E:\BaiduNetdiskDownload\26年6月30000元64节最新线下编导训练中心视频课完整版,100套面试简历模板+大礼包\简历\0069简历.png,0069简历.png,.png,image,252530,个人IP,E:\BaiduNetdiskDownload\26年6月30000元64节最新线下编导训练中心视频课完整版\100套面试简历模板+大礼包\简历\0069简历.png
N0148,E:\BaiduNetdiskDownload\26年6月30000元64节最新线下编导训练中心视频课完整版,100套面试简历模板+大礼包\简历\0070简历.docx,0070简历.docx,.docx,document,181014,个人IP,E:\BaiduNetdiskDownload\26年6月30000元64节最新线下编导训练中心视频课完整版\100套面试简历模板+大礼包\简历\0070简历.docx
N0149,E:\BaiduNetdiskDownload\26年6月30000元64节最新线下编导训练中心视频课完整版,100套面试简历模板+大礼包\简历\0070简历.png,0070简历.png,.png,image,241245,个人IP,E:\BaiduNetdiskDownload\26年6月30000元64节最新线下编导训练中心视频课完整版\100套面试简历模板+大礼包\简历\0070简历.png
N0150,E:\BaiduNetdiskDownload\26年6月30000元64节最新线下编导训练中心视频课完整版,100套面试简历模板+大礼包\简历\0071简历.doc,0071简历.doc,.doc,document,105333,个人IP,E:\BaiduNetdiskDownload\26年6月30000元64节最新线下编导训练中心视频课完整版\100套面试简历模板+大礼包\简历\0071简历.doc
N0151,E:\BaiduNetdiskDownload\26年6月30000元64节最新线下编导训练中心视频课完整版,100套面试简历模板+大礼包\简历\0071简历.png,0071简历.png,.png,image,278953,个人IP,E:\BaiduNetdiskDownload\26年6月30000元64节最新线下编导训练中心视频课完整版\100套面试简历模板+大礼包\简历\0071简历.png
N0152,E:\BaiduNetdiskDownload\26年6月30000元64节最新线下编导训练中心视频课完整版,100套面试简历模板+大礼包\简历\0072简历.doc,0072简历.doc,.doc,document,215195,个人IP,E:\BaiduNetdiskDownload\26年6月30000元64节最新线下编导训练中心视频课完整版\100套面试简历模板+大礼包\简历\0072简历.doc
N0153,E:\BaiduNetdiskDownload\26年6月30000元64节最新线下编导训练中心视频课完整版,100套面试简历模板+大礼包\简历\0072简历.png,0072简历.png,.png,image,224215,个人IP,E:\BaiduNetdiskDownload\26年6月30000元64节最新线下编导训练中心视频课完整版\100套面试简历模板+大礼包\简历\0072简历.png
N0154,E:\BaiduNetdiskDownload\26年6月30000元64节最新线下编导训练中心视频课完整版,100套面试简历模板+大礼包\简历\0073简历.docx,0073简历.docx,.docx,document,261336,个人IP,E:\BaiduNetdiskDownload\26年6月30000元64节最新线下编导训练中心视频课完整版\100套面试简历模板+大礼包\简历\0073简历.docx
N0155,E:\BaiduNetdiskDownload\26年6月30000元64节最新线下编导训练中心视频课完整版,100套面试简历模板+大礼包\简历\0073简历.png,0073简历.png,.png,image,263458,个人IP,E:\BaiduNetdiskDownload\26年6月30000元64节最新线下编导训练中心视频课完整版\100套面试简历模板+大礼包\简历\0073简历.png
N0156,E:\BaiduNetdiskDownload\26年6月30000元64节最新线下编导训练中心视频课完整版,100套面试简历模板+大礼包\简历\0074简历.docx,0074简历.docx,.docx,document,168927,个人IP,E:\BaiduNetdiskDownload\26年6月30000元64节最新线下编导训练中心视频课完整版\100套面试简历模板+大礼包\简历\0074简历.docx
N0157,E:\BaiduNetdiskDownload\26年6月30000元64节最新线下编导训练中心视频课完整版,100套面试简历模板+大礼包\简历\0074简历.png,0074简历.png,.png,image,173202,个人IP,E:\BaiduNetdiskDownload\26年6月30000元64节最新线下编导训练中心视频课完整版\100套面试简历模板+大礼包\简历\0074简历.png
N0158,E:\BaiduNetdiskDownload\26年6月30000元64节最新线下编导训练中心视频课完整版,100套面试简历模板+大礼包\简历\0075简历.docx,0075简历.docx,.docx,document,148056,个人IP,E:\BaiduNetdiskDownload\26年6月30000元64节最新线下编导训练中心视频课完整版\100套面试简历模板+大礼包\简历\0075简历.docx
N0159,E:\BaiduNetdiskDownload\26年6月30000元64节最新线下编导训练中心视频课完整版,100套面试简历模板+大礼包\简历\0075简历.png,0075简历.png,.png,image,207901,个人IP,E:\BaiduNetdiskDownload\26年6月30000元64节最新线下编导训练中心视频课完整版\100套面试简历模板+大礼包\简历\0075简历.png
N0160,E:\BaiduNetdiskDownload\26年6月30000元64节最新线下编导训练中心视频课完整版,100套面试简历模板+大礼包\简历\0076简历.docx,0076简历.docx,.docx,document,134617,个人IP,E:\BaiduNetdiskDownload\26年6月30000元64节最新线下编导训练中心视频课完整版\100套面试简历模板+大礼包\简历\0076简历.docx
N0161,E:\BaiduNetdiskDownload\26年6月30000元64节最新线下编导训练中心视频课完整版,100套面试简历模板+大礼包\简历\0076简历.png,0076简历.png,.png,image,185431,个人IP,E:\BaiduNetdiskDownload\26年6月30000元64节最新线下编导训练中心视频课完整版\100套面试简历模板+大礼包\简历\0076简历.png
N0162,E:\BaiduNetdiskDownload\26年6月30000元64节最新线下编导训练中心视频课完整版,100套面试简历模板+大礼包\简历\0077简历.doc,0077简历.doc,.doc,document,71218,个人IP,E:\BaiduNetdiskDownload\26年6月30000元64节最新线下编导训练中心视频课完整版\100套面试简历模板+大礼包\简历\0077简历.doc
N0163,E:\BaiduNetdiskDownload\26年6月30000元64节最新线下编导训练中心视频课完整版,100套面试简历模板+大礼包\简历\0077简历.png,0077简历.png,.png,image,243084,个人IP,E:\BaiduNetdiskDownload\26年6月30000元64节最新线下编导训练中心视频课完整版\100套面试简历模板+大礼包\简历\0077简历.png
N0164,E:\BaiduNetdiskDownload\26年6月30000元64节最新线下编导训练中心视频课完整版,100套面试简历模板+大礼包\简历\0078简历.doc,0078简历.doc,.doc,document,72156,个人IP,E:\BaiduNetdiskDownload\26年6月30000元64节最新线下编导训练中心视频课完整版\100套面试简历模板+大礼包\简历\0078简历.doc
N0165,E:\BaiduNetdiskDownload\26年6月30000元64节最新线下编导训练中心视频课完整版,100套面试简历模板+大礼包\简历\0078简历.png,0078简历.png,.png,image,178615,个人IP,E:\BaiduNetdiskDownload\26年6月30000元64节最新线下编导训练中心视频课完整版\100套面试简历模板+大礼包\简历\0078简历.png
N0166,E:\BaiduNetdiskDownload\26年6月30000元64节最新线下编导训练中心视频课完整版,100套面试简历模板+大礼包\简历\0079简历.doc,0079简历.doc,.doc,document,91543,个人IP,E:\BaiduNetdiskDownload\26年6月30000元64节最新线下编导训练中心视频课完整版\100套面试简历模板+大礼包\简历\0079简历.doc
N0167,E:\BaiduNetdiskDownload\26年6月30000元64节最新线下编导训练中心视频课完整版,100套面试简历模板+大礼包\简历\0079简历.png,0079简历.png,.png,image,172106,个人IP,E:\BaiduNetdiskDownload\26年6月30000元64节最新线下编导训练中心视频课完整版\100套面试简历模板+大礼包\简历\0079简历.png
N0168,E:\BaiduNetdiskDownload\26年6月30000元64节最新线下编导训练中心视频课完整版,100套面试简历模板+大礼包\简历\0080简历.doc,0080简历.doc,.doc,document,79857,个人IP,E:\BaiduNetdiskDownload\26年6月30000元64节最新线下编导训练中心视频课完整版\100套面试简历模板+大礼包\简历\0080简历.doc
N0169,E:\BaiduNetdiskDownload\26年6月30000元64节最新线下编导训练中心视频课完整版,100套面试简历模板+大礼包\简历\0080简历.png,0080简历.png,.png,image,215379,个人IP,E:\BaiduNetdiskDownload\26年6月30000元64节最新线下编导训练中心视频课完整版\100套面试简历模板+大礼包\简历\0080简历.png
N0170,E:\BaiduNetdiskDownload\26年6月30000元64节最新线下编导训练中心视频课完整版,100套面试简历模板+大礼包\简历\0081简历.doc,0081简历.doc,.doc,document,81250,个人IP,E:\BaiduNetdiskDownload\26年6月30000元64节最新线下编导训练中心视频课完整版\100套面试简历模板+大礼包\简历\0081简历.doc
N0171,E:\BaiduNetdiskDownload\26年6月30000元64节最新线下编导训练中心视频课完整版,100套面试简历模板+大礼包\简历\0081简历.png,0081简历.png,.png,image,256535,个人IP,E:\BaiduNetdiskDownload\26年6月30000元64节最新线下编导训练中心视频课完整版\100套面试简历模板+大礼包\简历\0081简历.png
N0172,E:\BaiduNetdiskDownload\26年6月30000元64节最新线下编导训练中心视频课完整版,100套面试简历模板+大礼包\简历\0082简历.docx,0082简历.docx,.docx,document,168184,个人IP,E:\BaiduNetdiskDownload\26年6月30000元64节最新线下编导训练中心视频课完整版\100套面试简历模板+大礼包\简历\0082简历.docx
N0173,E:\BaiduNetdiskDownload\26年6月30000元64节最新线下编导训练中心视频课完整版,100套面试简历模板+大礼包\简历\0082简历.png,0082简历.png,.png,image,215626,个人IP,E:\BaiduNetdiskDownload\26年6月30000元64节最新线下编导训练中心视频课完整版\100套面试简历模板+大礼包\简历\0082简历.png
N0174,E:\BaiduNetdiskDownload\26年6月30000元64节最新线下编导训练中心视频课完整版,100套面试简历模板+大礼包\简历\0083简历.docx,0083简历.docx,.docx,document,215224,个人IP,E:\BaiduNetdiskDownload\26年6月30000元64节最新线下编导训练中心视频课完整版\100套面试简历模板+大礼包\简历\0083简历.docx
N0175,E:\BaiduNetdiskDownload\26年6月30000元64节最新线下编导训练中心视频课完整版,100套面试简历模板+大礼包\简历\0083简历.png,0083简历.png,.png,image,239243,个人IP,E:\BaiduNetdiskDownload\26年6月30000元64节最新线下编导训练中心视频课完整版\100套面试简历模板+大礼包\简历\0083简历.png
N0176,E:\BaiduNetdiskDownload\26年6月30000元64节最新线下编导训练中心视频课完整版,100套面试简历模板+大礼包\简历\0084简历.doc,0084简历.doc,.doc,document,150251,个人IP,E:\BaiduNetdiskDownload\26年6月30000元64节最新线下编导训练中心视频课完整版\100套面试简历模板+大礼包\简历\0084简历.doc
N0177,E:\BaiduNetdiskDownload\26年6月30000元64节最新线下编导训练中心视频课完整版,100套面试简历模板+大礼包\简历\0084简历.png,0084简历.png,.png,image,233541,个人IP,E:\BaiduNetdiskDownload\26年6月30000元64节最新线下编导训练中心视频课完整版\100套面试简历模板+大礼包\简历\0084简历.png
N0178,E:\BaiduNetdiskDownload\26年6月30000元64节最新线下编导训练中心视频课完整版,100套面试简历模板+大礼包\简历\0085简历.docx,0085简历.docx,.docx,document,117446,个人IP,E:\BaiduNetdiskDownload\26年6月30000元64节最新线下编导训练中心视频课完整版\100套面试简历模板+大礼包\简历\0085简历.docx
N0179,E:\BaiduNetdiskDownload\26年6月30000元64节最新线下编导训练中心视频课完整版,100套面试简历模板+大礼包\简历\0085简历.png,0085简历.png,.png,image,215475,个人IP,E:\BaiduNetdiskDownload\26年6月30000元64节最新线下编导训练中心视频课完整版\100套面试简历模板+大礼包\简历\0085简历.png
N0180,E:\BaiduNetdiskDownload\26年6月30000元64节最新线下编导训练中心视频课完整版,100套面试简历模板+大礼包\简历\0086简历.doc,0086简历.doc,.doc,document,94603,个人IP,E:\BaiduNetdiskDownload\26年6月30000元64节最新线下编导训练中心视频课完整版\100套面试简历模板+大礼包\简历\0086简历.doc
N0181,E:\BaiduNetdiskDownload\26年6月30000元64节最新线下编导训练中心视频课完整版,100套面试简历模板+大礼包\简历\0086简历.png,0086简历.png,.png,image,201769,个人IP,E:\BaiduNetdiskDownload\26年6月30000元64节最新线下编导训练中心视频课完整版\100套面试简历模板+大礼包\简历\0086简历.png
N0182,E:\BaiduNetdiskDownload\26年6月30000元64节最新线下编导训练中心视频课完整版,100套面试简历模板+大礼包\简历\0087简历.doc,0087简历.doc,.doc,document,143706,个人IP,E:\BaiduNetdiskDownload\26年6月30000元64节最新线下编导训练中心视频课完整版\100套面试简历模板+大礼包\简历\0087简历.doc
N0183,E:\BaiduNetdiskDownload\26年6月30000元64节最新线下编导训练中心视频课完整版,100套面试简历模板+大礼包\简历\0087简历.png,0087简历.png,.png,image,194565,个人IP,E:\BaiduNetdiskDownload\26年6月30000元64节最新线下编导训练中心视频课完整版\100套面试简历模板+大礼包\简历\0087简历.png
N0184,E:\BaiduNetdiskDownload\26年6月30000元64节最新线下编导训练中心视频课完整版,100套面试简历模板+大礼包\简历\0088简历.doc,0088简历.doc,.doc,document,117220,个人IP,E:\BaiduNetdiskDownload\26年6月30000元64节最新线下编导训练中心视频课完整版\100套面试简历模板+大礼包\简历\0088简历.doc
N0185,E:\BaiduNetdiskDownload\26年6月30000元64节最新线下编导训练中心视频课完整版,100套面试简历模板+大礼包\简历\0088简历.png,0088简历.png,.png,image,200209,个人IP,E:\BaiduNetdiskDownload\26年6月30000元64节最新线下编导训练中心视频课完整版\100套面试简历模板+大礼包\简历\0088简历.png
N0186,E:\BaiduNetdiskDownload\26年6月30000元64节最新线下编导训练中心视频课完整版,100套面试简历模板+大礼包\简历\0089简历.docx,0089简历.docx,.docx,document,1158895,个人IP,E:\BaiduNetdiskDownload\26年6月30000元64节最新线下编导训练中心视频课完整版\100套面试简历模板+大礼包\简历\0089简历.docx
N0187,E:\BaiduNetdiskDownload\26年6月30000元64节最新线下编导训练中心视频课完整版,100套面试简历模板+大礼包\简历\0089简历.png,0089简历.png,.png,image,319222,个人IP,E:\BaiduNetdiskDownload\26年6月30000元64节最新线下编导训练中心视频课完整版\100套面试简历模板+大礼包\简历\0089简历.png
N0188,E:\BaiduNetdiskDownload\26年6月30000元64节最新线下编导训练中心视频课完整版,100套面试简历模板+大礼包\简历\0090简历.docx,0090简历.docx,.docx,document,145163,个人IP,E:\BaiduNetdiskDownload\26年6月30000元64节最新线下编导训练中心视频课完整版\100套面试简历模板+大礼包\简历\0090简历.docx
N0189,E:\BaiduNetdiskDownload\26年6月30000元64节最新线下编导训练中心视频课完整版,100套面试简历模板+大礼包\简历\0090简历.png,0090简历.png,.png,image,198236,个人IP,E:\BaiduNetdiskDownload\26年6月30000元64节最新线下编导训练中心视频课完整版\100套面试简历模板+大礼包\简历\0090简历.png
N0190,E:\BaiduNetdiskDownload\26年6月30000元64节最新线下编导训练中心视频课完整版,100套面试简历模板+大礼包\简历\0091简历.docx,0091简历.docx,.docx,document,130160,个人IP,E:\BaiduNetdiskDownload\26年6月30000元64节最新线下编导训练中心视频课完整版\100套面试简历模板+大礼包\简历\0091简历.docx
N0191,E:\BaiduNetdiskDownload\26年6月30000元64节最新线下编导训练中心视频课完整版,100套面试简历模板+大礼包\简历\0091简历.png,0091简历.png,.png,image,178257,个人IP,E:\BaiduNetdiskDownload\26年6月30000元64节最新线下编导训练中心视频课完整版\100套面试简历模板+大礼包\简历\0091简历.png
N0192,E:\BaiduNetdiskDownload\26年6月30000元64节最新线下编导训练中心视频课完整版,100套面试简历模板+大礼包\简历\0092简历.doc,0092简历.doc,.doc,document,76863,个人IP,E:\BaiduNetdiskDownload\26年6月30000元64节最新线下编导训练中心视频课完整版\100套面试简历模板+大礼包\简历\0092简历.doc
N0193,E:\BaiduNetdiskDownload\26年6月30000元64节最新线下编导训练中心视频课完整版,100套面试简历模板+大礼包\简历\0092简历.png,0092简历.png,.png,image,185132,个人IP,E:\BaiduNetdiskDownload\26年6月30000元64节最新线下编导训练中心视频课完整版\100套面试简历模板+大礼包\简历\0092简历.png
N0194,E:\BaiduNetdiskDownload\26年6月30000元64节最新线下编导训练中心视频课完整版,100套面试简历模板+大礼包\简历\0093简历.docx,0093简历.docx,.docx,document,140467,个人IP,E:\BaiduNetdiskDownload\26年6月30000元64节最新线下编导训练中心视频课完整版\100套面试简历模板+大礼包\简历\0093简历.docx
N0195,E:\BaiduNetdiskDownload\26年6月30000元64节最新线下编导训练中心视频课完整版,100套面试简历模板+大礼包\简历\0093简历.png,0093简历.png,.png,image,218708,个人IP,E:\BaiduNetdiskDownload\26年6月30000元64节最新线下编导训练中心视频课完整版\100套面试简历模板+大礼包\简历\0093简历.png
N0196,E:\BaiduNetdiskDownload\26年6月30000元64节最新线下编导训练中心视频课完整版,100套面试简历模板+大礼包\简历\0094简历.doc,0094简历.doc,.doc,document,79310,个人IP,E:\BaiduNetdiskDownload\26年6月30000元64节最新线下编导训练中心视频课完整版\100套面试简历模板+大礼包\简历\0094简历.doc
N0197,E:\BaiduNetdiskDownload\26年6月30000元64节最新线下编导训练中心视频课完整版,100套面试简历模板+大礼包\简历\0094简历.png,0094简历.png,.png,image,230955,个人IP,E:\BaiduNetdiskDownload\26年6月30000元64节最新线下编导训练中心视频课完整版\100套面试简历模板+大礼包\简历\0094简历.png
N0198,E:\BaiduNetdiskDownload\26年6月30000元64节最新线下编导训练中心视频课完整版,100套面试简历模板+大礼包\简历\0095简历.docx,0095简历.docx,.docx,document,212614,个人IP,E:\BaiduNetdiskDownload\26年6月30000元64节最新线下编导训练中心视频课完整版\100套面试简历模板+大礼包\简历\0095简历.docx
N0199,E:\BaiduNetdiskDownload\26年6月30000元64节最新线下编导训练中心视频课完整版,100套面试简历模板+大礼包\简历\0095简历.png,0095简历.png,.png,image,216695,个人IP,E:\BaiduNetdiskDownload\26年6月30000元64节最新线下编导训练中心视频课完整版\100套面试简历模板+大礼包\简历\0095简历.png
N0200,E:\BaiduNetdiskDownload\26年6月30000元64节最新线下编导训练中心视频课完整版,100套面试简历模板+大礼包\简历\0096简历.docx,0096简历.docx,.docx,document,100464,个人IP,E:\BaiduNetdiskDownload\26年6月30000元64节最新线下编导训练中心视频课完整版\100套面试简历模板+大礼包\简历\0096简历.docx
N0201,E:\BaiduNetdiskDownload\26年6月30000元64节最新线下编导训练中心视频课完整版,100套面试简历模板+大礼包\简历\0096简历.png,0096简历.png,.png,image,174951,个人IP,E:\BaiduNetdiskDownload\26年6月30000元64节最新线下编导训练中心视频课完整版\100套面试简历模板+大礼包\简历\0096简历.png
N0202,E:\BaiduNetdiskDownload\26年6月30000元64节最新线下编导训练中心视频课完整版,100套面试简历模板+大礼包\简历\0097简历.docx,0097简历.docx,.docx,document,180964,个人IP,E:\BaiduNetdiskDownload\26年6月30000元64节最新线下编导训练中心视频课完整版\100套面试简历模板+大礼包\简历\0097简历.docx
N0203,E:\BaiduNetdiskDownload\26年6月30000元64节最新线下编导训练中心视频课完整版,100套面试简历模板+大礼包\简历\0097简历.png,0097简历.png,.png,image,193903,个人IP,E:\BaiduNetdiskDownload\26年6月30000元64节最新线下编导训练中心视频课完整版\100套面试简历模板+大礼包\简历\0097简历.png
N0204,E:\BaiduNetdiskDownload\26年6月30000元64节最新线下编导训练中心视频课完整版,100套面试简历模板+大礼包\简历\0098简历.docx,0098简历.docx,.docx,document,128164,个人IP,E:\BaiduNetdiskDownload\26年6月30000元64节最新线下编导训练中心视频课完整版\100套面试简历模板+大礼包\简历\0098简历.docx
N0205,E:\BaiduNetdiskDownload\26年6月30000元64节最新线下编导训练中心视频课完整版,100套面试简历模板+大礼包\简历\0098简历.png,0098简历.png,.png,image,221999,个人IP,E:\BaiduNetdiskDownload\26年6月30000元64节最新线下编导训练中心视频课完整版\100套面试简历模板+大礼包\简历\0098简历.png
N0206,E:\BaiduNetdiskDownload\26年6月30000元64节最新线下编导训练中心视频课完整版,100套面试简历模板+大礼包\简历\0099简历.docx,0099简历.docx,.docx,document,324932,个人IP,E:\BaiduNetdiskDownload\26年6月30000元64节最新线下编导训练中心视频课完整版\100套面试简历模板+大礼包\简历\0099简历.docx
N0207,E:\BaiduNetdiskDownload\26年6月30000元64节最新线下编导训练中心视频课完整版,100套面试简历模板+大礼包\简历\0099简历.png,0099简历.png,.png,image,180520,个人IP,E:\BaiduNetdiskDownload\26年6月30000元64节最新线下编导训练中心视频课完整版\100套面试简历模板+大礼包\简历\0099简历.png
N0208,E:\BaiduNetdiskDownload\26年6月30000元64节最新线下编导训练中心视频课完整版,100套面试简历模板+大礼包\简历\0100简历.doc,0100简历.doc,.doc,document,60976,个人IP,E:\BaiduNetdiskDownload\26年6月30000元64节最新线下编导训练中心视频课完整版\100套面试简历模板+大礼包\简历\0100简历.doc
N0209,E:\BaiduNetdiskDownload\26年6月30000元64节最新线下编导训练中心视频课完整版,100套面试简历模板+大礼包\简历\0100简历.png,0100简历.png,.png,image,212383,个人IP,E:\BaiduNetdiskDownload\26年6月30000元64节最新线下编导训练中心视频课完整版\100套面试简历模板+大礼包\简历\0100简历.png
N0210,E:\BaiduNetdiskDownload\26年6月30000元64节最新线下编导训练中心视频课完整版,100套面试简历模板+大礼包\简历\image_1754323532727.jpg,image_1754323532727.jpg,.jpg,image,2316157,个人IP,E:\BaiduNetdiskDownload\26年6月30000元64节最新线下编导训练中心视频课完整版\100套面试简历模板+大礼包\简历\image_1754323532727.jpg
N0211,E:\BaiduNetdiskDownload\26年6月30000元64节最新线下编导训练中心视频课完整版,100套面试简历模板+大礼包\面试大礼包\编导岗位竞聘PPT.pptx,编导岗位竞聘PPT.pptx,.pptx,document,16893115,个人IP,E:\BaiduNetdiskDownload\26年6月30000元64节最新线下编导训练中心视频课完整版\100套面试简历模板+大礼包\面试大礼包\编导岗位竞聘PPT.pptx
N0212,E:\BaiduNetdiskDownload\26年6月30000元64节最新线下编导训练中心视频课完整版,100套面试简历模板+大礼包\面试大礼包\编导岗位简历.pptx,编导岗位简历.pptx,.pptx,document,15861440,个人IP,E:\BaiduNetdiskDownload\26年6月30000元64节最新线下编导训练中心视频课完整版\100套面试简历模板+大礼包\面试大礼包\编导岗位简历.pptx
N0213,E:\BaiduNetdiskDownload\26年6月30000元64节最新线下编导训练中心视频课完整版,100套面试简历模板+大礼包\面试大礼包\账号运营策划表 .pptx,账号运营策划表 .pptx,.pptx,document,25485980,个人IP,E:\BaiduNetdiskDownload\26年6月30000元64节最新线下编导训练中心视频课完整版\100套面试简历模板+大礼包\面试大礼包\账号运营策划表 .pptx
N0214,E:\BaiduNetdiskDownload\26年6月30000元64节最新线下编导训练中心视频课完整版,11-1 小有成就-成功案例.mp4,11-1 小有成就-成功案例.mp4,.mp4,video,582933403,个人IP,E:\BaiduNetdiskDownload\26年6月30000元64节最新线下编导训练中心视频课完整版\11-1 小有成就-成功案例.mp4
N0215,E:\BaiduNetdiskDownload\26年6月30000元64节最新线下编导训练中心视频课完整版,11-2 平凡英雄型脚本-苦难经历型脚本.mp4,11-2 平凡英雄型脚本-苦难经历型脚本.mp4,.mp4,video,1582051847,个人IP,E:\BaiduNetdiskDownload\26年6月30000元64节最新线下编导训练中心视频课完整版\11-2 平凡英雄型脚本-苦难经历型脚本.mp4
N0216,E:\BaiduNetdiskDownload\26年6月30000元64节最新线下编导训练中心视频课完整版,11-3 从走成功路型脚本.mp4,11-3 从走成功路型脚本.mp4,.mp4,video,566200639,个人IP,E:\BaiduNetdiskDownload\26年6月30000元64节最新线下编导训练中心视频课完整版\11-3 从走成功路型脚本.mp4
N0217,E:\BaiduNetdiskDownload\26年6月30000元64节最新线下编导训练中心视频课完整版,12-1 爆款选题方法论-（头牌-弱势）.mp4,12-1 爆款选题方法论-（头牌-弱势）.mp4,.mp4,video,433557154,个人IP,E:\BaiduNetdiskDownload\26年6月30000元64节最新线下编导训练中心视频课完整版\12-1 爆款选题方法论-（头牌-弱势）.mp4
N0218,E:\BaiduNetdiskDownload\26年6月30000元64节最新线下编导训练中心视频课完整版,12-1 爆款选题方法论（颠覆-内幕）.mp4,12-1 爆款选题方法论（颠覆-内幕）.mp4,.mp4,video,376164095,个人IP,E:\BaiduNetdiskDownload\26年6月30000元64节最新线下编导训练中心视频课完整版\12-1 爆款选题方法论（颠覆-内幕）.mp4
N0219,E:\BaiduNetdiskDownload\26年6月30000元64节最新线下编导训练中心视频课完整版,12-3 爆款选题方法论（对立-推荐）.mp4,12-3 爆款选题方法论（对立-推荐）.mp4,.mp4,video,534898781,个人IP,E:\BaiduNetdiskDownload\26年6月30000元64节最新线下编导训练中心视频课完整版\12-3 爆款选题方法论（对立-推荐）.mp4
N0220,E:\BaiduNetdiskDownload\26年6月30000元64节最新线下编导训练中心视频课完整版,13-1 一顿饭拍出30条视频的采访技巧-亲密关系.mp4,13-1 一顿饭拍出30条视频的采访技巧-亲密关系.mp4,.mp4,video,1282561731,个人IP,E:\BaiduNetdiskDownload\26年6月30000元64节最新线下编导训练中心视频课完整版\13-1 一顿饭拍出30条视频的采访技巧-亲密关系.mp4
N0221,E:\BaiduNetdiskDownload\26年6月30000元64节最新线下编导训练中心视频课完整版,13-2 一顿饭拍出30条视频的采访技巧-负面假设.mp4,13-2 一顿饭拍出30条视频的采访技巧-负面假设.mp4,.mp4,video,201237105,个人IP,E:\BaiduNetdiskDownload\26年6月30000元64节最新线下编导训练中心视频课完整版\13-2 一顿饭拍出30条视频的采访技巧-负面假设.mp4
N0222,E:\BaiduNetdiskDownload\26年6月30000元64节最新线下编导训练中心视频课完整版,13-3 一顿饭拍出30条视频的采访技巧-制造对立.mp4,13-3 一顿饭拍出30条视频的采访技巧-制造对立.mp4,.mp4,video,505540990,个人IP,E:\BaiduNetdiskDownload\26年6月30000元64节最新线下编导训练中心视频课完整版\13-3 一顿饭拍出30条视频的采访技巧-制造对立.mp4
N0223,E:\BaiduNetdiskDownload\26年6月30000元64节最新线下编导训练中心视频课完整版,14-1 表现力训练-自然表达.mp4,14-1 表现力训练-自然表达.mp4,.mp4,video,1093044288,个人IP,E:\BaiduNetdiskDownload\26年6月30000元64节最新线下编导训练中心视频课完整版\14-1 表现力训练-自然表达.mp4
N0224,E:\BaiduNetdiskDownload\26年6月30000元64节最新线下编导训练中心视频课完整版,14-2 表达力训练-指导IP自然表达1.mp4,14-2 表达力训练-指导IP自然表达1.mp4,.mp4,video,385263423,个人IP,E:\BaiduNetdiskDownload\26年6月30000元64节最新线下编导训练中心视频课完整版\14-2 表达力训练-指导IP自然表达1.mp4
N0225,E:\BaiduNetdiskDownload\26年6月30000元64节最新线下编导训练中心视频课完整版,14-3 表现力训练-指导IP自然表达2.mp4,14-3 表现力训练-指导IP自然表达2.mp4,.mp4,video,1229325447,个人IP,E:\BaiduNetdiskDownload\26年6月30000元64节最新线下编导训练中心视频课完整版\14-3 表现力训练-指导IP自然表达2.mp4
N0226,E:\BaiduNetdiskDownload\26年6月30000元64节最新线下编导训练中心视频课完整版,15-1 剪辑思维训练1.mp4,15-1 剪辑思维训练1.mp4,.mp4,video,1364818555,个人IP,E:\BaiduNetdiskDownload\26年6月30000元64节最新线下编导训练中心视频课完整版\15-1 剪辑思维训练1.mp4
N0227,E:\BaiduNetdiskDownload\26年6月30000元64节最新线下编导训练中心视频课完整版,15-2 剪辑思维训练2.mp4,15-2 剪辑思维训练2.mp4,.mp4,video,893556383,个人IP,E:\BaiduNetdiskDownload\26年6月30000元64节最新线下编导训练中心视频课完整版\15-2 剪辑思维训练2.mp4
N0228,E:\BaiduNetdiskDownload\26年6月30000元64节最新线下编导训练中心视频课完整版,16-1 剪辑思维训练之信息密度处理.mp4,16-1 剪辑思维训练之信息密度处理.mp4,.mp4,video,845887174,个人IP,E:\BaiduNetdiskDownload\26年6月30000元64节最新线下编导训练中心视频课完整版\16-1 剪辑思维训练之信息密度处理.mp4
N0229,E:\BaiduNetdiskDownload\26年6月30000元64节最新线下编导训练中心视频课完整版,16-2 剪辑思维训练之爆点前置.mp4,16-2 剪辑思维训练之爆点前置.mp4,.mp4,video,1445698847,个人IP,E:\BaiduNetdiskDownload\26年6月30000元64节最新线下编导训练中心视频课完整版\16-2 剪辑思维训练之爆点前置.mp4
N0230,E:\BaiduNetdiskDownload\26年6月30000元64节最新线下编导训练中心视频课完整版,17-1 短视频爆款拆片技巧-观点型.mp4,17-1 短视频爆款拆片技巧-观点型.mp4,.mp4,video,1910279341,个人IP,E:\BaiduNetdiskDownload\26年6月30000元64节最新线下编导训练中心视频课完整版\17-1 短视频爆款拆片技巧-观点型.mp4
N0231,E:\BaiduNetdiskDownload\26年6月30000元64节最新线下编导训练中心视频课完整版,17-2 过程型脚本-爆款拆解.mp4,17-2 过程型脚本-爆款拆解.mp4,.mp4,video,2024976128,个人IP,E:\BaiduNetdiskDownload\26年6月30000元64节最新线下编导训练中心视频课完整版\17-2 过程型脚本-爆款拆解.mp4
N0232,E:\BaiduNetdiskDownload\26年6月30000元64节最新线下编导训练中心视频课完整版,18-1 短视频爆款拆片技巧-故事型.mp4,18-1 短视频爆款拆片技巧-故事型.mp4,.mp4,video,2261207518,个人IP,E:\BaiduNetdiskDownload\26年6月30000元64节最新线下编导训练中心视频课完整版\18-1 短视频爆款拆片技巧-故事型.mp4
N0233,E:\BaiduNetdiskDownload\26年6月30000元64节最新线下编导训练中心视频课完整版,18-2 短视频爆款拆片技巧-知识型.mp4,18-2 短视频爆款拆片技巧-知识型.mp4,.mp4,video,1058170225,个人IP,E:\BaiduNetdiskDownload\26年6月30000元64节最新线下编导训练中心视频课完整版\18-2 短视频爆款拆片技巧-知识型.mp4
N0234,E:\BaiduNetdiskDownload\26年6月30000元64节最新线下编导训练中心视频课完整版,19-1 抖音平台规则.mp4,19-1 抖音平台规则.mp4,.mp4,video,1272359609,个人IP,E:\BaiduNetdiskDownload\26年6月30000元64节最新线下编导训练中心视频课完整版\19-1 抖音平台规则.mp4
N0235,E:\BaiduNetdiskDownload\26年6月30000元64节最新线下编导训练中心视频课完整版,19-2 抖音平台投放技巧1.mp4,19-2 抖音平台投放技巧1.mp4,.mp4,video,1115827376,待判定,E:\BaiduNetdiskDownload\26年6月30000元64节最新线下编导训练中心视频课完整版\19-2 抖音平台投放技巧1.mp4
N0236,E:\BaiduNetdiskDownload\26年6月30000元64节最新线下编导训练中心视频课完整版,19-3 抖音平台投放技巧2.mp4,19-3 抖音平台投放技巧2.mp4,.mp4,video,744380387,待判定,E:\BaiduNetdiskDownload\26年6月30000元64节最新线下编导训练中心视频课完整版\19-3 抖音平台投放技巧2.mp4
N0237,E:\BaiduNetdiskDownload\26年6月30000元64节最新线下编导训练中心视频课完整版,19-4 开播的必备流程.mp4,19-4 开播的必备流程.mp4,.mp4,video,578632899,个人IP,E:\BaiduNetdiskDownload\26年6月30000元64节最新线下编导训练中心视频课完整版\19-4 开播的必备流程.mp4
N0238,E:\BaiduNetdiskDownload\26年6月30000元64节最新线下编导训练中心视频课完整版,19-5 抖音电商知识.mp4,19-5 抖音电商知识.mp4,.mp4,video,1153443502,个人IP,E:\BaiduNetdiskDownload\26年6月30000元64节最新线下编导训练中心视频课完整版\19-5 抖音电商知识.mp4
N0239,E:\BaiduNetdiskDownload\26年6月30000元64节最新线下编导训练中心视频课完整版,2-1 视频粗剪.mp4,2-1 视频粗剪.mp4,.mp4,video,1010241755,个人IP,E:\BaiduNetdiskDownload\26年6月30000元64节最新线下编导训练中心视频课完整版\2-1 视频粗剪.mp4
N0240,E:\BaiduNetdiskDownload\26年6月30000元64节最新线下编导训练中心视频课完整版,2-2 视频基础美化1.mp4,2-2 视频基础美化1.mp4,.mp4,video,576791681,个人IP,E:\BaiduNetdiskDownload\26年6月30000元64节最新线下编导训练中心视频课完整版\2-2 视频基础美化1.mp4
N0241,E:\BaiduNetdiskDownload\26年6月30000元64节最新线下编导训练中心视频课完整版,2-3 视频基础美化2.mp4,2-3 视频基础美化2.mp4,.mp4,video,1288526637,个人IP,E:\BaiduNetdiskDownload\26年6月30000元64节最新线下编导训练中心视频课完整版\2-3 视频基础美化2.mp4
N0242,E:\BaiduNetdiskDownload\26年6月30000元64节最新线下编导训练中心视频课完整版,2-4 视频美化进阶.mp4,2-4 视频美化进阶.mp4,.mp4,video,505920211,个人IP,E:\BaiduNetdiskDownload\26年6月30000元64节最新线下编导训练中心视频课完整版\2-4 视频美化进阶.mp4
N0243,E:\BaiduNetdiskDownload\26年6月30000元64节最新线下编导训练中心视频课完整版,2-5视频基础美化.mp4,2-5视频基础美化.mp4,.mp4,video,60425387,个人IP,E:\BaiduNetdiskDownload\26年6月30000元64节最新线下编导训练中心视频课完整版\2-5视频基础美化.mp4
N0244,E:\BaiduNetdiskDownload\26年6月30000元64节最新线下编导训练中心视频课完整版,20-1 高分简历撰写.mp4,20-1 高分简历撰写.mp4,.mp4,video,437644643,个人IP,E:\BaiduNetdiskDownload\26年6月30000元64节最新线下编导训练中心视频课完整版\20-1 高分简历撰写.mp4
N0245,E:\BaiduNetdiskDownload\26年6月30000元64节最新线下编导训练中心视频课完整版,20-2 视频作品分析(1).mp4,20-2 视频作品分析(1).mp4,.mp4,video,1369230817,个人IP,E:\BaiduNetdiskDownload\26年6月30000元64节最新线下编导训练中心视频课完整版\20-2 视频作品分析(1).mp4
N0246,E:\BaiduNetdiskDownload\26年6月30000元64节最新线下编导训练中心视频课完整版,20-2 视频作品分析.mp4,20-2 视频作品分析.mp4,.mp4,video,1369230817,个人IP,E:\BaiduNetdiskDownload\26年6月30000元64节最新线下编导训练中心视频课完整版\20-2 视频作品分析.mp4
N0247,E:\BaiduNetdiskDownload\26年6月30000元64节最新线下编导训练中心视频课完整版,20-3 行业数据分析.mp4,20-3 行业数据分析.mp4,.mp4,video,492079121,个人IP,E:\BaiduNetdiskDownload\26年6月30000元64节最新线下编导训练中心视频课完整版\20-3 行业数据分析.mp4
N0248,E:\BaiduNetdiskDownload\26年6月30000元64节最新线下编导训练中心视频课完整版,20-4 账号规划.mp4,20-4 账号规划.mp4,.mp4,video,609217009,个人IP,E:\BaiduNetdiskDownload\26年6月30000元64节最新线下编导训练中心视频课完整版\20-4 账号规划.mp4
N0249,E:\BaiduNetdiskDownload\26年6月30000元64节最新线下编导训练中心视频课完整版,3-1 剪辑精剪技巧.mp4,3-1 剪辑精剪技巧.mp4,.mp4,video,474010680,个人IP,E:\BaiduNetdiskDownload\26年6月30000元64节最新线下编导训练中心视频课完整版\3-1 剪辑精剪技巧.mp4
N0250,E:\BaiduNetdiskDownload\26年6月30000元64节最新线下编导训练中心视频课完整版,3-2 视频包装.mp4,3-2 视频包装.mp4,.mp4,video,1910592597,个人IP,E:\BaiduNetdiskDownload\26年6月30000元64节最新线下编导训练中心视频课完整版\3-2 视频包装.mp4
N0251,E:\BaiduNetdiskDownload\26年6月30000元64节最新线下编导训练中心视频课完整版,3-3 视频封面制作.mp4,3-3 视频封面制作.mp4,.mp4,video,570581862,个人IP,E:\BaiduNetdiskDownload\26年6月30000元64节最新线下编导训练中心视频课完整版\3-3 视频封面制作.mp4
N0252,E:\BaiduNetdiskDownload\26年6月30000元64节最新线下编导训练中心视频课完整版,4-1 短视频拍摄技巧.mp4,4-1 短视频拍摄技巧.mp4,.mp4,video,1175741744,个人IP,E:\BaiduNetdiskDownload\26年6月30000元64节最新线下编导训练中心视频课完整版\4-1 短视频拍摄技巧.mp4
N0253,E:\BaiduNetdiskDownload\26年6月30000元64节最新线下编导训练中心视频课完整版,4-2 短视频拍摄置景技巧.mp4,4-2 短视频拍摄置景技巧.mp4,.mp4,video,1571044050,个人IP,E:\BaiduNetdiskDownload\26年6月30000元64节最新线下编导训练中心视频课完整版\4-2 短视频拍摄置景技巧.mp4
N0254,E:\BaiduNetdiskDownload\26年6月30000元64节最新线下编导训练中心视频课完整版,4-3 抖音的呈现秘诀-原生感呈现.mp4,4-3 抖音的呈现秘诀-原生感呈现.mp4,.mp4,video,2749460283,个人IP,E:\BaiduNetdiskDownload\26年6月30000元64节最新线下编导训练中心视频课完整版\4-3 抖音的呈现秘诀-原生感呈现.mp4
N0255,E:\BaiduNetdiskDownload\26年6月30000元64节最新线下编导训练中心视频课完整版,5-1 短视频编导专业设备使用1.mp4,5-1 短视频编导专业设备使用1.mp4,.mp4,video,1094341283,个人IP,E:\BaiduNetdiskDownload\26年6月30000元64节最新线下编导训练中心视频课完整版\5-1 短视频编导专业设备使用1.mp4
N0256,E:\BaiduNetdiskDownload\26年6月30000元64节最新线下编导训练中心视频课完整版,5-2 短视频编导专业设备使用2.mp4,5-2 短视频编导专业设备使用2.mp4,.mp4,video,1270223554,个人IP,E:\BaiduNetdiskDownload\26年6月30000元64节最新线下编导训练中心视频课完整版\5-2 短视频编导专业设备使用2.mp4
N0257,E:\BaiduNetdiskDownload\26年6月30000元64节最新线下编导训练中心视频课完整版,5-3 视听语言.mp4,5-3 视听语言.mp4,.mp4,video,2539834002,个人IP,E:\BaiduNetdiskDownload\26年6月30000元64节最新线下编导训练中心视频课完整版\5-3 视听语言.mp4
N0258,E:\BaiduNetdiskDownload\26年6月30000元64节最新线下编导训练中心视频课完整版,6-1 高变现账号的内容策划.mp4,6-1 高变现账号的内容策划.mp4,.mp4,video,2446605613,个人IP,E:\BaiduNetdiskDownload\26年6月30000元64节最新线下编导训练中心视频课完整版\6-1 高变现账号的内容策划.mp4
N0259,E:\BaiduNetdiskDownload\26年6月30000元64节最新线下编导训练中心视频课完整版,6-2 实体店15个成交选题技巧1.mp4,6-2 实体店15个成交选题技巧1.mp4,.mp4,video,1333809402,带货视频,E:\BaiduNetdiskDownload\26年6月30000元64节最新线下编导训练中心视频课完整版\6-2 实体店15个成交选题技巧1.mp4
N0260,E:\BaiduNetdiskDownload\26年6月30000元64节最新线下编导训练中心视频课完整版,6-3 实体店15个成交选题技巧2.mp4,6-3 实体店15个成交选题技巧2.mp4,.mp4,video,1241013309,带货视频,E:\BaiduNetdiskDownload\26年6月30000元64节最新线下编导训练中心视频课完整版\6-3 实体店15个成交选题技巧2.mp4
N0261,E:\BaiduNetdiskDownload\26年6月30000元64节最新线下编导训练中心视频课完整版,6-4学会创作.mp4,6-4学会创作.mp4,.mp4,video,1706220321,个人IP,E:\BaiduNetdiskDownload\26年6月30000元64节最新线下编导训练中心视频课完整版\6-4学会创作.mp4
N0262,E:\BaiduNetdiskDownload\26年6月30000元64节最新线下编导训练中心视频课完整版,7-1 短视频爆款元素（成本 人群 奇葩 最差）.mp4,7-1 短视频爆款元素（成本 人群 奇葩 最差）.mp4,.mp4,video,578939415,个人IP,E:\BaiduNetdiskDownload\26年6月30000元64节最新线下编导训练中心视频课完整版\7-1 短视频爆款元素（成本 人群 奇葩 最差）.mp4
N0263,E:\BaiduNetdiskDownload\26年6月30000元64节最新线下编导训练中心视频课完整版,7-2 短视频爆款元素(反差 怀旧 荷尔蒙 头牌).mp4,7-2 短视频爆款元素(反差 怀旧 荷尔蒙 头牌).mp4,.mp4,video,878006966,个人IP,E:\BaiduNetdiskDownload\26年6月30000元64节最新线下编导训练中心视频课完整版\7-2 短视频爆款元素(反差 怀旧 荷尔蒙 头牌).mp4
N0264,E:\BaiduNetdiskDownload\26年6月30000元64节最新线下编导训练中心视频课完整版,7-3主题IP策划.mp4,7-3主题IP策划.mp4,.mp4,video,605351344,个人IP,E:\BaiduNetdiskDownload\26年6月30000元64节最新线下编导训练中心视频课完整版\7-3主题IP策划.mp4
N0265,E:\BaiduNetdiskDownload\26年6月30000元64节最新线下编导训练中心视频课完整版,7-4 文案写作基础.mp4,7-4 文案写作基础.mp4,.mp4,video,2595471264,个人IP,E:\BaiduNetdiskDownload\26年6月30000元64节最新线下编导训练中心视频课完整版\7-4 文案写作基础.mp4
N0266,E:\BaiduNetdiskDownload\26年6月30000元64节最新线下编导训练中心视频课完整版,8-1 知识选题的五个维度.mp4,8-1 知识选题的五个维度.mp4,.mp4,video,2198298534,个人IP,E:\BaiduNetdiskDownload\26年6月30000元64节最新线下编导训练中心视频课完整版\8-1 知识选题的五个维度.mp4
N0267,E:\BaiduNetdiskDownload\26年6月30000元64节最新线下编导训练中心视频课完整版,8-2 解题型脚本-案例型脚本.mp4,8-2 解题型脚本-案例型脚本.mp4,.mp4,video,1313635566,个人IP,E:\BaiduNetdiskDownload\26年6月30000元64节最新线下编导训练中心视频课完整版\8-2 解题型脚本-案例型脚本.mp4
N0268,E:\BaiduNetdiskDownload\26年6月30000元64节最新线下编导训练中心视频课完整版,8-3 推荐型脚本-揭秘型脚本.mp4,8-3 推荐型脚本-揭秘型脚本.mp4,.mp4,video,3352128753,个人IP,E:\BaiduNetdiskDownload\26年6月30000元64节最新线下编导训练中心视频课完整版\8-3 推荐型脚本-揭秘型脚本.mp4
N0269,E:\BaiduNetdiskDownload\26年6月30000元64节最新线下编导训练中心视频课完整版,9-1 过程型视频的结构搭建.mp4,9-1 过程型视频的结构搭建.mp4,.mp4,video,1507344127,个人IP,E:\BaiduNetdiskDownload\26年6月30000元64节最新线下编导训练中心视频课完整版\9-1 过程型视频的结构搭建.mp4
N0270,E:\BaiduNetdiskDownload\26年6月30000元64节最新线下编导训练中心视频课完整版,9-2 过程展示型脚本-测评产品型脚本.mp4,9-2 过程展示型脚本-测评产品型脚本.mp4,.mp4,video,1807539232,个人IP,E:\BaiduNetdiskDownload\26年6月30000元64节最新线下编导训练中心视频课完整版\9-2 过程展示型脚本-测评产品型脚本.mp4
N0271,E:\BaiduNetdiskDownload\26年6月30000元64节最新线下编导训练中心视频课完整版,9-3 任务挑战型脚本-事件体验型脚本.mp4,9-3 任务挑战型脚本-事件体验型脚本.mp4,.mp4,video,2655545550,个人IP,E:\BaiduNetdiskDownload\26年6月30000元64节最新线下编导训练中心视频课完整版\9-3 任务挑战型脚本-事件体验型脚本.mp4
N0272,E:\BaiduNetdiskDownload\26年6月30000元64节最新线下编导训练中心视频课完整版,9-4 晒过程六大勾子玩法.mp4,9-4 晒过程六大勾子玩法.mp4,.mp4,video,1466029517,个人IP,E:\BaiduNetdiskDownload\26年6月30000元64节最新线下编导训练中心视频课完整版\9-4 晒过程六大勾子玩法.mp4
N0273,E:\BaiduNetdiskDownload\26年6月30000元64节最新线下编导训练中心视频课完整版,课表.png,课表.png,.png,image,711566,个人IP,E:\BaiduNetdiskDownload\26年6月30000元64节最新线下编导训练中心视频课完整版\课表.png
N0274,E:\BaiduNetdiskDownload\26年6月新增：薛辉价值30000 线下达人班,编导内容线下大课母版全案（课程笔记）\1.png,1.png,.png,image,129106,个人IP,E:\BaiduNetdiskDownload\26年6月新增：薛辉价值30000 线下达人班\编导内容线下大课母版全案（课程笔记）\1.png
N0275,E:\BaiduNetdiskDownload\26年6月新增：薛辉价值30000 线下达人班,编导内容线下大课母版全案（课程笔记）\10.png,10.png,.png,image,367450,个人IP,E:\BaiduNetdiskDownload\26年6月新增：薛辉价值30000 线下达人班\编导内容线下大课母版全案（课程笔记）\10.png
N0276,E:\BaiduNetdiskDownload\26年6月新增：薛辉价值30000 线下达人班,编导内容线下大课母版全案（课程笔记）\11.png,11.png,.png,image,103252,个人IP,E:\BaiduNetdiskDownload\26年6月新增：薛辉价值30000 线下达人班\编导内容线下大课母版全案（课程笔记）\11.png
N0277,E:\BaiduNetdiskDownload\26年6月新增：薛辉价值30000 线下达人班,编导内容线下大课母版全案（课程笔记）\12.png,12.png,.png,image,269784,个人IP,E:\BaiduNetdiskDownload\26年6月新增：薛辉价值30000 线下达人班\编导内容线下大课母版全案（课程笔记）\12.png
N0278,E:\BaiduNetdiskDownload\26年6月新增：薛辉价值30000 线下达人班,编导内容线下大课母版全案（课程笔记）\13.png,13.png,.png,image,143576,个人IP,E:\BaiduNetdiskDownload\26年6月新增：薛辉价值30000 线下达人班\编导内容线下大课母版全案（课程笔记）\13.png
N0279,E:\BaiduNetdiskDownload\26年6月新增：薛辉价值30000 线下达人班,编导内容线下大课母版全案（课程笔记）\14.png,14.png,.png,image,134192,个人IP,E:\BaiduNetdiskDownload\26年6月新增：薛辉价值30000 线下达人班\编导内容线下大课母版全案（课程笔记）\14.png
N0280,E:\BaiduNetdiskDownload\26年6月新增：薛辉价值30000 线下达人班,编导内容线下大课母版全案（课程笔记）\15.png,15.png,.png,image,120526,个人IP,E:\BaiduNetdiskDownload\26年6月新增：薛辉价值30000 线下达人班\编导内容线下大课母版全案（课程笔记）\15.png
N0281,E:\BaiduNetdiskDownload\26年6月新增：薛辉价值30000 线下达人班,编导内容线下大课母版全案（课程笔记）\16.png,16.png,.png,image,122277,个人IP,E:\BaiduNetdiskDownload\26年6月新增：薛辉价值30000 线下达人班\编导内容线下大课母版全案（课程笔记）\16.png
N0282,E:\BaiduNetdiskDownload\26年6月新增：薛辉价值30000 线下达人班,编导内容线下大课母版全案（课程笔记）\17.png,17.png,.png,image,148553,个人IP,E:\BaiduNetdiskDownload\26年6月新增：薛辉价值30000 线下达人班\编导内容线下大课母版全案（课程笔记）\17.png
N0283,E:\BaiduNetdiskDownload\26年6月新增：薛辉价值30000 线下达人班,编导内容线下大课母版全案（课程笔记）\18.png,18.png,.png,image,282733,个人IP,E:\BaiduNetdiskDownload\26年6月新增：薛辉价值30000 线下达人班\编导内容线下大课母版全案（课程笔记）\18.png
N0284,E:\BaiduNetdiskDownload\26年6月新增：薛辉价值30000 线下达人班,编导内容线下大课母版全案（课程笔记）\19.png,19.png,.png,image,214946,个人IP,E:\BaiduNetdiskDownload\26年6月新增：薛辉价值30000 线下达人班\编导内容线下大课母版全案（课程笔记）\19.png
N0285,E:\BaiduNetdiskDownload\26年6月新增：薛辉价值30000 线下达人班,编导内容线下大课母版全案（课程笔记）\2.png,2.png,.png,image,115850,个人IP,E:\BaiduNetdiskDownload\26年6月新增：薛辉价值30000 线下达人班\编导内容线下大课母版全案（课程笔记）\2.png
N0286,E:\BaiduNetdiskDownload\26年6月新增：薛辉价值30000 线下达人班,编导内容线下大课母版全案（课程笔记）\20.png,20.png,.png,image,159285,个人IP,E:\BaiduNetdiskDownload\26年6月新增：薛辉价值30000 线下达人班\编导内容线下大课母版全案（课程笔记）\20.png
N0287,E:\BaiduNetdiskDownload\26年6月新增：薛辉价值30000 线下达人班,编导内容线下大课母版全案（课程笔记）\21.png,21.png,.png,image,263264,个人IP,E:\BaiduNetdiskDownload\26年6月新增：薛辉价值30000 线下达人班\编导内容线下大课母版全案（课程笔记）\21.png
N0288,E:\BaiduNetdiskDownload\26年6月新增：薛辉价值30000 线下达人班,编导内容线下大课母版全案（课程笔记）\22.png,22.png,.png,image,221338,个人IP,E:\BaiduNetdiskDownload\26年6月新增：薛辉价值30000 线下达人班\编导内容线下大课母版全案（课程笔记）\22.png
N0289,E:\BaiduNetdiskDownload\26年6月新增：薛辉价值30000 线下达人班,编导内容线下大课母版全案（课程笔记）\23.png,23.png,.png,image,155709,个人IP,E:\BaiduNetdiskDownload\26年6月新增：薛辉价值30000 线下达人班\编导内容线下大课母版全案（课程笔记）\23.png
N0290,E:\BaiduNetdiskDownload\26年6月新增：薛辉价值30000 线下达人班,编导内容线下大课母版全案（课程笔记）\24.png,24.png,.png,image,146959,个人IP,E:\BaiduNetdiskDownload\26年6月新增：薛辉价值30000 线下达人班\编导内容线下大课母版全案（课程笔记）\24.png
N0291,E:\BaiduNetdiskDownload\26年6月新增：薛辉价值30000 线下达人班,编导内容线下大课母版全案（课程笔记）\25.png,25.png,.png,image,339190,个人IP,E:\BaiduNetdiskDownload\26年6月新增：薛辉价值30000 线下达人班\编导内容线下大课母版全案（课程笔记）\25.png
N0292,E:\BaiduNetdiskDownload\26年6月新增：薛辉价值30000 线下达人班,编导内容线下大课母版全案（课程笔记）\26.png,26.png,.png,image,325958,个人IP,E:\BaiduNetdiskDownload\26年6月新增：薛辉价值30000 线下达人班\编导内容线下大课母版全案（课程笔记）\26.png
N0293,E:\BaiduNetdiskDownload\26年6月新增：薛辉价值30000 线下达人班,编导内容线下大课母版全案（课程笔记）\27.png,27.png,.png,image,266920,个人IP,E:\BaiduNetdiskDownload\26年6月新增：薛辉价值30000 线下达人班\编导内容线下大课母版全案（课程笔记）\27.png
N0294,E:\BaiduNetdiskDownload\26年6月新增：薛辉价值30000 线下达人班,编导内容线下大课母版全案（课程笔记）\28.png,28.png,.png,image,146187,个人IP,E:\BaiduNetdiskDownload\26年6月新增：薛辉价值30000 线下达人班\编导内容线下大课母版全案（课程笔记）\28.png
N0295,E:\BaiduNetdiskDownload\26年6月新增：薛辉价值30000 线下达人班,编导内容线下大课母版全案（课程笔记）\29.png,29.png,.png,image,192826,个人IP,E:\BaiduNetdiskDownload\26年6月新增：薛辉价值30000 线下达人班\编导内容线下大课母版全案（课程笔记）\29.png
N0296,E:\BaiduNetdiskDownload\26年6月新增：薛辉价值30000 线下达人班,编导内容线下大课母版全案（课程笔记）\3(1).png,3(1).png,.png,image,121980,个人IP,E:\BaiduNetdiskDownload\26年6月新增：薛辉价值30000 线下达人班\编导内容线下大课母版全案（课程笔记）\3(1).png
N0297,E:\BaiduNetdiskDownload\26年6月新增：薛辉价值30000 线下达人班,编导内容线下大课母版全案（课程笔记）\3.png,3.png,.png,image,121980,个人IP,E:\BaiduNetdiskDownload\26年6月新增：薛辉价值30000 线下达人班\编导内容线下大课母版全案（课程笔记）\3.png
N0298,E:\BaiduNetdiskDownload\26年6月新增：薛辉价值30000 线下达人班,编导内容线下大课母版全案（课程笔记）\30.png,30.png,.png,image,226483,个人IP,E:\BaiduNetdiskDownload\26年6月新增：薛辉价值30000 线下达人班\编导内容线下大课母版全案（课程笔记）\30.png
N0299,E:\BaiduNetdiskDownload\26年6月新增：薛辉价值30000 线下达人班,编导内容线下大课母版全案（课程笔记）\31.png,31.png,.png,image,366986,个人IP,E:\BaiduNetdiskDownload\26年6月新增：薛辉价值30000 线下达人班\编导内容线下大课母版全案（课程笔记）\31.png
N0300,E:\BaiduNetdiskDownload\26年6月新增：薛辉价值30000 线下达人班,编导内容线下大课母版全案（课程笔记）\32.png,32.png,.png,image,232344,个人IP,E:\BaiduNetdiskDownload\26年6月新增：薛辉价值30000 线下达人班\编导内容线下大课母版全案（课程笔记）\32.png
N0301,E:\BaiduNetdiskDownload\26年6月新增：薛辉价值30000 线下达人班,编导内容线下大课母版全案（课程笔记）\33.png,33.png,.png,image,370306,个人IP,E:\BaiduNetdiskDownload\26年6月新增：薛辉价值30000 线下达人班\编导内容线下大课母版全案（课程笔记）\33.png
N0302,E:\BaiduNetdiskDownload\26年6月新增：薛辉价值30000 线下达人班,编导内容线下大课母版全案（课程笔记）\34.png,34.png,.png,image,215582,个人IP,E:\BaiduNetdiskDownload\26年6月新增：薛辉价值30000 线下达人班\编导内容线下大课母版全案（课程笔记）\34.png
N0303,E:\BaiduNetdiskDownload\26年6月新增：薛辉价值30000 线下达人班,编导内容线下大课母版全案（课程笔记）\35.png,35.png,.png,image,261177,个人IP,E:\BaiduNetdiskDownload\26年6月新增：薛辉价值30000 线下达人班\编导内容线下大课母版全案（课程笔记）\35.png
N0304,E:\BaiduNetdiskDownload\26年6月新增：薛辉价值30000 线下达人班,编导内容线下大课母版全案（课程笔记）\36.png,36.png,.png,image,365357,个人IP,E:\BaiduNetdiskDownload\26年6月新增：薛辉价值30000 线下达人班\编导内容线下大课母版全案（课程笔记）\36.png
N0305,E:\BaiduNetdiskDownload\26年6月新增：薛辉价值30000 线下达人班,编导内容线下大课母版全案（课程笔记）\4.png,4.png,.png,image,106101,个人IP,E:\BaiduNetdiskDownload\26年6月新增：薛辉价值30000 线下达人班\编导内容线下大课母版全案（课程笔记）\4.png
N0306,E:\BaiduNetdiskDownload\26年6月新增：薛辉价值30000 线下达人班,编导内容线下大课母版全案（课程笔记）\5.png,5.png,.png,image,89985,个人IP,E:\BaiduNetdiskDownload\26年6月新增：薛辉价值30000 线下达人班\编导内容线下大课母版全案（课程笔记）\5.png
N0307,E:\BaiduNetdiskDownload\26年6月新增：薛辉价值30000 线下达人班,编导内容线下大课母版全案（课程笔记）\6.png,6.png,.png,image,109777,个人IP,E:\BaiduNetdiskDownload\26年6月新增：薛辉价值30000 线下达人班\编导内容线下大课母版全案（课程笔记）\6.png
N0308,E:\BaiduNetdiskDownload\26年6月新增：薛辉价值30000 线下达人班,编导内容线下大课母版全案（课程笔记）\7.png,7.png,.png,image,100479,个人IP,E:\BaiduNetdiskDownload\26年6月新增：薛辉价值30000 线下达人班\编导内容线下大课母版全案（课程笔记）\7.png
N0309,E:\BaiduNetdiskDownload\26年6月新增：薛辉价值30000 线下达人班,编导内容线下大课母版全案（课程笔记）\8.png,8.png,.png,image,109449,个人IP,E:\BaiduNetdiskDownload\26年6月新增：薛辉价值30000 线下达人班\编导内容线下大课母版全案（课程笔记）\8.png
N0310,E:\BaiduNetdiskDownload\26年6月新增：薛辉价值30000 线下达人班,编导内容线下大课母版全案（课程笔记）\9.png,9.png,.png,image,242780,个人IP,E:\BaiduNetdiskDownload\26年6月新增：薛辉价值30000 线下达人班\编导内容线下大课母版全案（课程笔记）\9.png
N0311,E:\BaiduNetdiskDownload\26年6月新增：薛辉价值30000 线下达人班,薛辉全网爆款短视频结构拆解大全（3500字终极指南电子书）\1.png,1.png,.png,image,86603,个人IP,E:\BaiduNetdiskDownload\26年6月新增：薛辉价值30000 线下达人班\薛辉全网爆款短视频结构拆解大全（3500字终极指南电子书）\1.png
N0312,E:\BaiduNetdiskDownload\26年6月新增：薛辉价值30000 线下达人班,薛辉全网爆款短视频结构拆解大全（3500字终极指南电子书）\10.png,10.png,.png,image,69670,个人IP,E:\BaiduNetdiskDownload\26年6月新增：薛辉价值30000 线下达人班\薛辉全网爆款短视频结构拆解大全（3500字终极指南电子书）\10.png
N0313,E:\BaiduNetdiskDownload\26年6月新增：薛辉价值30000 线下达人班,薛辉全网爆款短视频结构拆解大全（3500字终极指南电子书）\11.png,11.png,.png,image,81491,个人IP,E:\BaiduNetdiskDownload\26年6月新增：薛辉价值30000 线下达人班\薛辉全网爆款短视频结构拆解大全（3500字终极指南电子书）\11.png
N0314,E:\BaiduNetdiskDownload\26年6月新增：薛辉价值30000 线下达人班,薛辉全网爆款短视频结构拆解大全（3500字终极指南电子书）\12.png,12.png,.png,image,41725,个人IP,E:\BaiduNetdiskDownload\26年6月新增：薛辉价值30000 线下达人班\薛辉全网爆款短视频结构拆解大全（3500字终极指南电子书）\12.png
N0315,E:\BaiduNetdiskDownload\26年6月新增：薛辉价值30000 线下达人班,薛辉全网爆款短视频结构拆解大全（3500字终极指南电子书）\2.png,2.png,.png,image,75057,个人IP,E:\BaiduNetdiskDownload\26年6月新增：薛辉价值30000 线下达人班\薛辉全网爆款短视频结构拆解大全（3500字终极指南电子书）\2.png
N0316,E:\BaiduNetdiskDownload\26年6月新增：薛辉价值30000 线下达人班,薛辉全网爆款短视频结构拆解大全（3500字终极指南电子书）\3.png,3.png,.png,image,79573,个人IP,E:\BaiduNetdiskDownload\26年6月新增：薛辉价值30000 线下达人班\薛辉全网爆款短视频结构拆解大全（3500字终极指南电子书）\3.png
N0317,E:\BaiduNetdiskDownload\26年6月新增：薛辉价值30000 线下达人班,薛辉全网爆款短视频结构拆解大全（3500字终极指南电子书）\4.png,4.png,.png,image,77873,个人IP,E:\BaiduNetdiskDownload\26年6月新增：薛辉价值30000 线下达人班\薛辉全网爆款短视频结构拆解大全（3500字终极指南电子书）\4.png
N0318,E:\BaiduNetdiskDownload\26年6月新增：薛辉价值30000 线下达人班,薛辉全网爆款短视频结构拆解大全（3500字终极指南电子书）\5.png,5.png,.png,image,80537,个人IP,E:\BaiduNetdiskDownload\26年6月新增：薛辉价值30000 线下达人班\薛辉全网爆款短视频结构拆解大全（3500字终极指南电子书）\5.png
N0319,E:\BaiduNetdiskDownload\26年6月新增：薛辉价值30000 线下达人班,薛辉全网爆款短视频结构拆解大全（3500字终极指南电子书）\6.png,6.png,.png,image,68124,个人IP,E:\BaiduNetdiskDownload\26年6月新增：薛辉价值30000 线下达人班\薛辉全网爆款短视频结构拆解大全（3500字终极指南电子书）\6.png
N0320,E:\BaiduNetdiskDownload\26年6月新增：薛辉价值30000 线下达人班,薛辉全网爆款短视频结构拆解大全（3500字终极指南电子书）\7.png,7.png,.png,image,76537,个人IP,E:\BaiduNetdiskDownload\26年6月新增：薛辉价值30000 线下达人班\薛辉全网爆款短视频结构拆解大全（3500字终极指南电子书）\7.png
N0321,E:\BaiduNetdiskDownload\26年6月新增：薛辉价值30000 线下达人班,薛辉全网爆款短视频结构拆解大全（3500字终极指南电子书）\8.png,8.png,.png,image,76374,个人IP,E:\BaiduNetdiskDownload\26年6月新增：薛辉价值30000 线下达人班\薛辉全网爆款短视频结构拆解大全（3500字终极指南电子书）\8.png
N0322,E:\BaiduNetdiskDownload\26年6月新增：薛辉价值30000 线下达人班,薛辉全网爆款短视频结构拆解大全（3500字终极指南电子书）\9.png,9.png,.png,image,78463,个人IP,E:\BaiduNetdiskDownload\26年6月新增：薛辉价值30000 线下达人班\薛辉全网爆款短视频结构拆解大全（3500字终极指南电子书）\9.png
N0323,E:\BaiduNetdiskDownload\26年6月新增：薛辉价值30000 线下达人班,薛辉线下课思维导图\ALL IN短视频编导7月21日_17499.pdf,ALL IN短视频编导7月21日_17499.pdf,.pdf,document,361812,个人IP,E:\BaiduNetdiskDownload\26年6月新增：薛辉价值30000 线下达人班\薛辉线下课思维导图\ALL IN短视频编导7月21日_17499.pdf
N0324,E:\BaiduNetdiskDownload\26年6月新增：薛辉价值30000 线下达人班,薛辉线下课思维导图\ALL IN短视频编导7月22日_74247.pdf,ALL IN短视频编导7月22日_74247.pdf,.pdf,document,618163,个人IP,E:\BaiduNetdiskDownload\26年6月新增：薛辉价值30000 线下达人班\薛辉线下课思维导图\ALL IN短视频编导7月22日_74247.pdf
N0325,E:\BaiduNetdiskDownload\26年6月新增：薛辉价值30000 线下达人班,薛辉线下课思维导图\ALL IN短视频编导7月23日_65022.pdf,ALL IN短视频编导7月23日_65022.pdf,.pdf,document,555977,个人IP,E:\BaiduNetdiskDownload\26年6月新增：薛辉价值30000 线下达人班\薛辉线下课思维导图\ALL IN短视频编导7月23日_65022.pdf
N0326,E:\BaiduNetdiskDownload\26年6月新增：薛辉价值30000 线下达人班,薛辉线下课思维导图\ALL IN短视频编导7月24日_51111.pdf,ALL IN短视频编导7月24日_51111.pdf,.pdf,document,619561,个人IP,E:\BaiduNetdiskDownload\26年6月新增：薛辉价值30000 线下达人班\薛辉线下课思维导图\ALL IN短视频编导7月24日_51111.pdf
N0327,E:\BaiduNetdiskDownload\26年6月新增：薛辉价值30000 线下达人班,薛辉线下课思维导图\ALL IN短视频编导7月25日_50105.pdf,ALL IN短视频编导7月25日_50105.pdf,.pdf,document,573622,个人IP,E:\BaiduNetdiskDownload\26年6月新增：薛辉价值30000 线下达人班\薛辉线下课思维导图\ALL IN短视频编导7月25日_50105.pdf
N0328,E:\BaiduNetdiskDownload\26年6月新增：薛辉价值30000 线下达人班,薛辉线下课思维导图\ALL IN短视频编导7月28日_41700.pdf,ALL IN短视频编导7月28日_41700.pdf,.pdf,document,245381,个人IP,E:\BaiduNetdiskDownload\26年6月新增：薛辉价值30000 线下达人班\薛辉线下课思维导图\ALL IN短视频编导7月28日_41700.pdf
N0329,E:\BaiduNetdiskDownload\26年6月新增：薛辉价值30000 线下达人班,薛辉线下课思维导图\ALL IN短视频编导7月29日_76701.pdf,ALL IN短视频编导7月29日_76701.pdf,.pdf,document,782400,个人IP,E:\BaiduNetdiskDownload\26年6月新增：薛辉价值30000 线下达人班\薛辉线下课思维导图\ALL IN短视频编导7月29日_76701.pdf
N0330,E:\BaiduNetdiskDownload\26年6月新增：薛辉价值30000 线下达人班,薛辉线下课思维导图\ALL IN短视频编导7月30日_97939_副本.pdf,ALL IN短视频编导7月30日_97939_副本.pdf,.pdf,document,536833,个人IP,E:\BaiduNetdiskDownload\26年6月新增：薛辉价值30000 线下达人班\薛辉线下课思维导图\ALL IN短视频编导7月30日_97939_副本.pdf
N0331,E:\BaiduNetdiskDownload\26年6月新增：薛辉价值30000 线下达人班,薛辉线下课思维导图\ALL IN短视频编导7月31日_30155_副本.pdf,ALL IN短视频编导7月31日_30155_副本.pdf,.pdf,document,408329,个人IP,E:\BaiduNetdiskDownload\26年6月新增：薛辉价值30000 线下达人班\薛辉线下课思维导图\ALL IN短视频编导7月31日_30155_副本.pdf
N0332,E:\BaiduNetdiskDownload\26年6月新增：薛辉价值30000 线下达人班,薛辉线下课思维导图\ALL IN短视频编导8月11日_65800.pdf,ALL IN短视频编导8月11日_65800.pdf,.pdf,document,1400127,个人IP,E:\BaiduNetdiskDownload\26年6月新增：薛辉价值30000 线下达人班\薛辉线下课思维导图\ALL IN短视频编导8月11日_65800.pdf
N0333,E:\BaiduNetdiskDownload\26年6月新增：薛辉价值30000 线下达人班,薛辉线下课思维导图\ALL IN短视频编导8月1日_79224.pdf,ALL IN短视频编导8月1日_79224.pdf,.pdf,document,819592,个人IP,E:\BaiduNetdiskDownload\26年6月新增：薛辉价值30000 线下达人班\薛辉线下课思维导图\ALL IN短视频编导8月1日_79224.pdf
N0334,E:\BaiduNetdiskDownload\26年6月新增：薛辉价值30000 线下达人班,薛辉线下课思维导图\ALL IN短视频编导8月4日—自然流_78440.pdf,ALL IN短视频编导8月4日—自然流_78440.pdf,.pdf,document,889034,个人IP,E:\BaiduNetdiskDownload\26年6月新增：薛辉价值30000 线下达人班\薛辉线下课思维导图\ALL IN短视频编导8月4日—自然流_78440.pdf
N0335,E:\BaiduNetdiskDownload\26年6月新增：薛辉价值30000 线下达人班,薛辉线下课思维导图\ALL IN短视频编导8月5日_60219.pdf,ALL IN短视频编导8月5日_60219.pdf,.pdf,document,484530,个人IP,E:\BaiduNetdiskDownload\26年6月新增：薛辉价值30000 线下达人班\薛辉线下课思维导图\ALL IN短视频编导8月5日_60219.pdf
N0336,E:\BaiduNetdiskDownload\26年6月新增：薛辉价值30000 线下达人班,薛辉线下课思维导图\ALL IN短视频编导8月6日_51794.pdf,ALL IN短视频编导8月6日_51794.pdf,.pdf,document,403165,个人IP,E:\BaiduNetdiskDownload\26年6月新增：薛辉价值30000 线下达人班\薛辉线下课思维导图\ALL IN短视频编导8月6日_51794.pdf
N0337,E:\BaiduNetdiskDownload\26年6月新增：薛辉价值30000 线下达人班,薛辉线下课思维导图\ALL IN短视频编导8月7日_8630.pdf,ALL IN短视频编导8月7日_8630.pdf,.pdf,document,149634,个人IP,E:\BaiduNetdiskDownload\26年6月新增：薛辉价值30000 线下达人班\薛辉线下课思维导图\ALL IN短视频编导8月7日_8630.pdf
N0338,E:\BaiduNetdiskDownload\26年6月新增：薛辉价值30000 线下达人班,薛辉线下课思维导图\编导课程思维导图.pdf,编导课程思维导图.pdf,.pdf,document,1712409,个人IP,E:\BaiduNetdiskDownload\26年6月新增：薛辉价值30000 线下达人班\薛辉线下课思维导图\编导课程思维导图.pdf
N0339,E:\BaiduNetdiskDownload\26年6月新增：薛辉价值30000 线下达人班,赠1：25年新版学员高清手册（带小黄本）\001.jpg,001.jpg,.jpg,image,1357333,个人IP,E:\BaiduNetdiskDownload\26年6月新增：薛辉价值30000 线下达人班\赠1：25年新版学员高清手册（带小黄本）\001.jpg
N0340,E:\BaiduNetdiskDownload\26年6月新增：薛辉价值30000 线下达人班,赠1：25年新版学员高清手册（带小黄本）\002.jpg,002.jpg,.jpg,image,1420220,个人IP,E:\BaiduNetdiskDownload\26年6月新增：薛辉价值30000 线下达人班\赠1：25年新版学员高清手册（带小黄本）\002.jpg
N0341,E:\BaiduNetdiskDownload\26年6月新增：薛辉价值30000 线下达人班,赠1：25年新版学员高清手册（带小黄本）\003.jpg,003.jpg,.jpg,image,891239,个人IP,E:\BaiduNetdiskDownload\26年6月新增：薛辉价值30000 线下达人班\赠1：25年新版学员高清手册（带小黄本）\003.jpg
N0342,E:\BaiduNetdiskDownload\26年6月新增：薛辉价值30000 线下达人班,赠1：25年新版学员高清手册（带小黄本）\004.jpg,004.jpg,.jpg,image,733973,个人IP,E:\BaiduNetdiskDownload\26年6月新增：薛辉价值30000 线下达人班\赠1：25年新版学员高清手册（带小黄本）\004.jpg
N0343,E:\BaiduNetdiskDownload\26年6月新增：薛辉价值30000 线下达人班,赠1：25年新版学员高清手册（带小黄本）\005.jpg,005.jpg,.jpg,image,1003171,个人IP,E:\BaiduNetdiskDownload\26年6月新增：薛辉价值30000 线下达人班\赠1：25年新版学员高清手册（带小黄本）\005.jpg
N0344,E:\BaiduNetdiskDownload\26年6月新增：薛辉价值30000 线下达人班,赠1：25年新版学员高清手册（带小黄本）\006.jpg,006.jpg,.jpg,image,785969,个人IP,E:\BaiduNetdiskDownload\26年6月新增：薛辉价值30000 线下达人班\赠1：25年新版学员高清手册（带小黄本）\006.jpg
N0345,E:\BaiduNetdiskDownload\26年6月新增：薛辉价值30000 线下达人班,赠1：25年新版学员高清手册（带小黄本）\007.jpg,007.jpg,.jpg,image,926126,个人IP,E:\BaiduNetdiskDownload\26年6月新增：薛辉价值30000 线下达人班\赠1：25年新版学员高清手册（带小黄本）\007.jpg
N0346,E:\BaiduNetdiskDownload\26年6月新增：薛辉价值30000 线下达人班,赠1：25年新版学员高清手册（带小黄本）\008.jpg,008.jpg,.jpg,image,976569,个人IP,E:\BaiduNetdiskDownload\26年6月新增：薛辉价值30000 线下达人班\赠1：25年新版学员高清手册（带小黄本）\008.jpg
N0347,E:\BaiduNetdiskDownload\26年6月新增：薛辉价值30000 线下达人班,赠1：25年新版学员高清手册（带小黄本）\009.jpg,009.jpg,.jpg,image,867841,个人IP,E:\BaiduNetdiskDownload\26年6月新增：薛辉价值30000 线下达人班\赠1：25年新版学员高清手册（带小黄本）\009.jpg
N0348,E:\BaiduNetdiskDownload\26年6月新增：薛辉价值30000 线下达人班,赠1：25年新版学员高清手册（带小黄本）\010.jpg,010.jpg,.jpg,image,870910,个人IP,E:\BaiduNetdiskDownload\26年6月新增：薛辉价值30000 线下达人班\赠1：25年新版学员高清手册（带小黄本）\010.jpg
N0349,E:\BaiduNetdiskDownload\26年6月新增：薛辉价值30000 线下达人班,赠1：25年新版学员高清手册（带小黄本）\011.jpg,011.jpg,.jpg,image,981453,个人IP,E:\BaiduNetdiskDownload\26年6月新增：薛辉价值30000 线下达人班\赠1：25年新版学员高清手册（带小黄本）\011.jpg
N0350,E:\BaiduNetdiskDownload\26年6月新增：薛辉价值30000 线下达人班,赠1：25年新版学员高清手册（带小黄本）\012.jpg,012.jpg,.jpg,image,1071313,个人IP,E:\BaiduNetdiskDownload\26年6月新增：薛辉价值30000 线下达人班\赠1：25年新版学员高清手册（带小黄本）\012.jpg
N0351,E:\BaiduNetdiskDownload\26年6月新增：薛辉价值30000 线下达人班,赠1：25年新版学员高清手册（带小黄本）\013.jpg,013.jpg,.jpg,image,962786,个人IP,E:\BaiduNetdiskDownload\26年6月新增：薛辉价值30000 线下达人班\赠1：25年新版学员高清手册（带小黄本）\013.jpg
N0352,E:\BaiduNetdiskDownload\26年6月新增：薛辉价值30000 线下达人班,赠1：25年新版学员高清手册（带小黄本）\014.jpg,014.jpg,.jpg,image,1130690,个人IP,E:\BaiduNetdiskDownload\26年6月新增：薛辉价值30000 线下达人班\赠1：25年新版学员高清手册（带小黄本）\014.jpg
N0353,E:\BaiduNetdiskDownload\26年6月新增：薛辉价值30000 线下达人班,赠1：25年新版学员高清手册（带小黄本）\015.jpg,015.jpg,.jpg,image,830127,个人IP,E:\BaiduNetdiskDownload\26年6月新增：薛辉价值30000 线下达人班\赠1：25年新版学员高清手册（带小黄本）\015.jpg
N0354,E:\BaiduNetdiskDownload\26年6月新增：薛辉价值30000 线下达人班,赠1：25年新版学员高清手册（带小黄本）\016.jpg,016.jpg,.jpg,image,979978,个人IP,E:\BaiduNetdiskDownload\26年6月新增：薛辉价值30000 线下达人班\赠1：25年新版学员高清手册（带小黄本）\016.jpg
N0355,E:\BaiduNetdiskDownload\26年6月新增：薛辉价值30000 线下达人班,赠1：25年新版学员高清手册（带小黄本）\017.jpg,017.jpg,.jpg,image,1065830,个人IP,E:\BaiduNetdiskDownload\26年6月新增：薛辉价值30000 线下达人班\赠1：25年新版学员高清手册（带小黄本）\017.jpg
N0356,E:\BaiduNetdiskDownload\26年6月新增：薛辉价值30000 线下达人班,赠1：25年新版学员高清手册（带小黄本）\018.jpg,018.jpg,.jpg,image,954980,个人IP,E:\BaiduNetdiskDownload\26年6月新增：薛辉价值30000 线下达人班\赠1：25年新版学员高清手册（带小黄本）\018.jpg
N0357,E:\BaiduNetdiskDownload\26年6月新增：薛辉价值30000 线下达人班,赠1：25年新版学员高清手册（带小黄本）\019.jpg,019.jpg,.jpg,image,1079852,个人IP,E:\BaiduNetdiskDownload\26年6月新增：薛辉价值30000 线下达人班\赠1：25年新版学员高清手册（带小黄本）\019.jpg
N0358,E:\BaiduNetdiskDownload\26年6月新增：薛辉价值30000 线下达人班,赠1：25年新版学员高清手册（带小黄本）\020.jpg,020.jpg,.jpg,image,985967,个人IP,E:\BaiduNetdiskDownload\26年6月新增：薛辉价值30000 线下达人班\赠1：25年新版学员高清手册（带小黄本）\020.jpg
N0359,E:\BaiduNetdiskDownload\26年6月新增：薛辉价值30000 线下达人班,赠1：25年新版学员高清手册（带小黄本）\021.jpg,021.jpg,.jpg,image,989442,个人IP,E:\BaiduNetdiskDownload\26年6月新增：薛辉价值30000 线下达人班\赠1：25年新版学员高清手册（带小黄本）\021.jpg
N0360,E:\BaiduNetdiskDownload\26年6月新增：薛辉价值30000 线下达人班,赠1：25年新版学员高清手册（带小黄本）\022.jpg,022.jpg,.jpg,image,962849,个人IP,E:\BaiduNetdiskDownload\26年6月新增：薛辉价值30000 线下达人班\赠1：25年新版学员高清手册（带小黄本）\022.jpg
N0361,E:\BaiduNetdiskDownload\26年6月新增：薛辉价值30000 线下达人班,赠1：25年新版学员高清手册（带小黄本）\023.jpg,023.jpg,.jpg,image,931662,个人IP,E:\BaiduNetdiskDownload\26年6月新增：薛辉价值30000 线下达人班\赠1：25年新版学员高清手册（带小黄本）\023.jpg
N0362,E:\BaiduNetdiskDownload\26年6月新增：薛辉价值30000 线下达人班,赠1：25年新版学员高清手册（带小黄本）\024.jpg,024.jpg,.jpg,image,1004666,个人IP,E:\BaiduNetdiskDownload\26年6月新增：薛辉价值30000 线下达人班\赠1：25年新版学员高清手册（带小黄本）\024.jpg
N0363,E:\BaiduNetdiskDownload\26年6月新增：薛辉价值30000 线下达人班,赠1：25年新版学员高清手册（带小黄本）\025.jpg,025.jpg,.jpg,image,994794,个人IP,E:\BaiduNetdiskDownload\26年6月新增：薛辉价值30000 线下达人班\赠1：25年新版学员高清手册（带小黄本）\025.jpg
N0364,E:\BaiduNetdiskDownload\26年6月新增：薛辉价值30000 线下达人班,赠1：25年新版学员高清手册（带小黄本）\026.jpg,026.jpg,.jpg,image,1074557,个人IP,E:\BaiduNetdiskDownload\26年6月新增：薛辉价值30000 线下达人班\赠1：25年新版学员高清手册（带小黄本）\026.jpg
N0365,E:\BaiduNetdiskDownload\26年6月新增：薛辉价值30000 线下达人班,赠1：25年新版学员高清手册（带小黄本）\027.jpg,027.jpg,.jpg,image,1109296,个人IP,E:\BaiduNetdiskDownload\26年6月新增：薛辉价值30000 线下达人班\赠1：25年新版学员高清手册（带小黄本）\027.jpg
N0366,E:\BaiduNetdiskDownload\26年6月新增：薛辉价值30000 线下达人班,赠1：25年新版学员高清手册（带小黄本）\028.jpg,028.jpg,.jpg,image,1041595,个人IP,E:\BaiduNetdiskDownload\26年6月新增：薛辉价值30000 线下达人班\赠1：25年新版学员高清手册（带小黄本）\028.jpg
N0367,E:\BaiduNetdiskDownload\26年6月新增：薛辉价值30000 线下达人班,赠1：25年新版学员高清手册（带小黄本）\029.jpg,029.jpg,.jpg,image,842764,个人IP,E:\BaiduNetdiskDownload\26年6月新增：薛辉价值30000 线下达人班\赠1：25年新版学员高清手册（带小黄本）\029.jpg
N0368,E:\BaiduNetdiskDownload\26年6月新增：薛辉价值30000 线下达人班,赠1：25年新版学员高清手册（带小黄本）\030.jpg,030.jpg,.jpg,image,1039727,个人IP,E:\BaiduNetdiskDownload\26年6月新增：薛辉价值30000 线下达人班\赠1：25年新版学员高清手册（带小黄本）\030.jpg
N0369,E:\BaiduNetdiskDownload\26年6月新增：薛辉价值30000 线下达人班,赠1：25年新版学员高清手册（带小黄本）\031.jpg,031.jpg,.jpg,image,1328137,个人IP,E:\BaiduNetdiskDownload\26年6月新增：薛辉价值30000 线下达人班\赠1：25年新版学员高清手册（带小黄本）\031.jpg
N0370,E:\BaiduNetdiskDownload\26年6月新增：薛辉价值30000 线下达人班,赠1：25年新版学员高清手册（带小黄本）\032.jpg,032.jpg,.jpg,image,1349516,个人IP,E:\BaiduNetdiskDownload\26年6月新增：薛辉价值30000 线下达人班\赠1：25年新版学员高清手册（带小黄本）\032.jpg
N0371,E:\BaiduNetdiskDownload\26年6月新增：薛辉价值30000 线下达人班,赠1：25年新版学员高清手册（带小黄本）\033.jpg,033.jpg,.jpg,image,1029175,个人IP,E:\BaiduNetdiskDownload\26年6月新增：薛辉价值30000 线下达人班\赠1：25年新版学员高清手册（带小黄本）\033.jpg
N0372,E:\BaiduNetdiskDownload\26年6月新增：薛辉价值30000 线下达人班,赠1：25年新版学员高清手册（带小黄本）\034.jpg,034.jpg,.jpg,image,957315,个人IP,E:\BaiduNetdiskDownload\26年6月新增：薛辉价值30000 线下达人班\赠1：25年新版学员高清手册（带小黄本）\034.jpg
N0373,E:\BaiduNetdiskDownload\26年6月新增：薛辉价值30000 线下达人班,赠1：25年新版学员高清手册（带小黄本）\035.jpg,035.jpg,.jpg,image,933592,个人IP,E:\BaiduNetdiskDownload\26年6月新增：薛辉价值30000 线下达人班\赠1：25年新版学员高清手册（带小黄本）\035.jpg
N0374,E:\BaiduNetdiskDownload\26年6月新增：薛辉价值30000 线下达人班,赠1：25年新版学员高清手册（带小黄本）\036.jpg,036.jpg,.jpg,image,900906,个人IP,E:\BaiduNetdiskDownload\26年6月新增：薛辉价值30000 线下达人班\赠1：25年新版学员高清手册（带小黄本）\036.jpg
N0375,E:\BaiduNetdiskDownload\26年6月新增：薛辉价值30000 线下达人班,赠1：25年新版学员高清手册（带小黄本）\037.jpg,037.jpg,.jpg,image,953401,个人IP,E:\BaiduNetdiskDownload\26年6月新增：薛辉价值30000 线下达人班\赠1：25年新版学员高清手册（带小黄本）\037.jpg
N0376,E:\BaiduNetdiskDownload\26年6月新增：薛辉价值30000 线下达人班,赠1：25年新版学员高清手册（带小黄本）\038.jpg,038.jpg,.jpg,image,781694,个人IP,E:\BaiduNetdiskDownload\26年6月新增：薛辉价值30000 线下达人班\赠1：25年新版学员高清手册（带小黄本）\038.jpg
N0377,E:\BaiduNetdiskDownload\26年6月新增：薛辉价值30000 线下达人班,赠1：25年新版学员高清手册（带小黄本）\039.jpg,039.jpg,.jpg,image,984462,个人IP,E:\BaiduNetdiskDownload\26年6月新增：薛辉价值30000 线下达人班\赠1：25年新版学员高清手册（带小黄本）\039.jpg
N0378,E:\BaiduNetdiskDownload\26年6月新增：薛辉价值30000 线下达人班,赠1：25年新版学员高清手册（带小黄本）\040.jpg,040.jpg,.jpg,image,1071462,个人IP,E:\BaiduNetdiskDownload\26年6月新增：薛辉价值30000 线下达人班\赠1：25年新版学员高清手册（带小黄本）\040.jpg
N0379,E:\BaiduNetdiskDownload\26年6月新增：薛辉价值30000 线下达人班,赠1：25年新版学员高清手册（带小黄本）\041.jpg,041.jpg,.jpg,image,1001465,个人IP,E:\BaiduNetdiskDownload\26年6月新增：薛辉价值30000 线下达人班\赠1：25年新版学员高清手册（带小黄本）\041.jpg
N0380,E:\BaiduNetdiskDownload\26年6月新增：薛辉价值30000 线下达人班,赠1：25年新版学员高清手册（带小黄本）\042.jpg,042.jpg,.jpg,image,958574,个人IP,E:\BaiduNetdiskDownload\26年6月新增：薛辉价值30000 线下达人班\赠1：25年新版学员高清手册（带小黄本）\042.jpg
N0381,E:\BaiduNetdiskDownload\26年6月新增：薛辉价值30000 线下达人班,赠1：25年新版学员高清手册（带小黄本）\043.jpg,043.jpg,.jpg,image,1241628,个人IP,E:\BaiduNetdiskDownload\26年6月新增：薛辉价值30000 线下达人班\赠1：25年新版学员高清手册（带小黄本）\043.jpg
N0382,E:\BaiduNetdiskDownload\26年6月新增：薛辉价值30000 线下达人班,赠1：25年新版学员高清手册（带小黄本）\044.jpg,044.jpg,.jpg,image,1013454,个人IP,E:\BaiduNetdiskDownload\26年6月新增：薛辉价值30000 线下达人班\赠1：25年新版学员高清手册（带小黄本）\044.jpg
N0383,E:\BaiduNetdiskDownload\26年6月新增：薛辉价值30000 线下达人班,赠1：25年新版学员高清手册（带小黄本）\045.jpg,045.jpg,.jpg,image,1260080,个人IP,E:\BaiduNetdiskDownload\26年6月新增：薛辉价值30000 线下达人班\赠1：25年新版学员高清手册（带小黄本）\045.jpg
N0384,E:\BaiduNetdiskDownload\26年6月新增：薛辉价值30000 线下达人班,赠1：25年新版学员高清手册（带小黄本）\046.jpg,046.jpg,.jpg,image,1035157,个人IP,E:\BaiduNetdiskDownload\26年6月新增：薛辉价值30000 线下达人班\赠1：25年新版学员高清手册（带小黄本）\046.jpg
N0385,E:\BaiduNetdiskDownload\26年6月新增：薛辉价值30000 线下达人班,赠1：25年新版学员高清手册（带小黄本）\047.jpg,047.jpg,.jpg,image,1139514,个人IP,E:\BaiduNetdiskDownload\26年6月新增：薛辉价值30000 线下达人班\赠1：25年新版学员高清手册（带小黄本）\047.jpg
N0386,E:\BaiduNetdiskDownload\26年6月新增：薛辉价值30000 线下达人班,赠1：25年新版学员高清手册（带小黄本）\048.jpg,048.jpg,.jpg,image,1174969,个人IP,E:\BaiduNetdiskDownload\26年6月新增：薛辉价值30000 线下达人班\赠1：25年新版学员高清手册（带小黄本）\048.jpg
N0387,E:\BaiduNetdiskDownload\26年6月新增：薛辉价值30000 线下达人班,赠1：25年新版学员高清手册（带小黄本）\049.jpg,049.jpg,.jpg,image,1058820,个人IP,E:\BaiduNetdiskDownload\26年6月新增：薛辉价值30000 线下达人班\赠1：25年新版学员高清手册（带小黄本）\049.jpg
N0388,E:\BaiduNetdiskDownload\26年6月新增：薛辉价值30000 线下达人班,赠1：25年新版学员高清手册（带小黄本）\050.jpg,050.jpg,.jpg,image,1102570,个人IP,E:\BaiduNetdiskDownload\26年6月新增：薛辉价值30000 线下达人班\赠1：25年新版学员高清手册（带小黄本）\050.jpg
N0389,E:\BaiduNetdiskDownload\26年6月新增：薛辉价值30000 线下达人班,赠1：25年新版学员高清手册（带小黄本）\051.jpg,051.jpg,.jpg,image,1377273,个人IP,E:\BaiduNetdiskDownload\26年6月新增：薛辉价值30000 线下达人班\赠1：25年新版学员高清手册（带小黄本）\051.jpg
N0390,E:\BaiduNetdiskDownload\26年6月新增：薛辉价值30000 线下达人班,赠1：25年新版学员高清手册（带小黄本）\052.jpg,052.jpg,.jpg,image,899013,个人IP,E:\BaiduNetdiskDownload\26年6月新增：薛辉价值30000 线下达人班\赠1：25年新版学员高清手册（带小黄本）\052.jpg
N0391,E:\BaiduNetdiskDownload\26年6月新增：薛辉价值30000 线下达人班,赠1：25年新版学员高清手册（带小黄本）\053.jpg,053.jpg,.jpg,image,909431,个人IP,E:\BaiduNetdiskDownload\26年6月新增：薛辉价值30000 线下达人班\赠1：25年新版学员高清手册（带小黄本）\053.jpg
N0392,E:\BaiduNetdiskDownload\26年6月新增：薛辉价值30000 线下达人班,赠1：25年新版学员高清手册（带小黄本）\054.jpg,054.jpg,.jpg,image,913726,个人IP,E:\BaiduNetdiskDownload\26年6月新增：薛辉价值30000 线下达人班\赠1：25年新版学员高清手册（带小黄本）\054.jpg
N0393,E:\BaiduNetdiskDownload\26年6月新增：薛辉价值30000 线下达人班,赠1：25年新版学员高清手册（带小黄本）\055.jpg,055.jpg,.jpg,image,912183,个人IP,E:\BaiduNetdiskDownload\26年6月新增：薛辉价值30000 线下达人班\赠1：25年新版学员高清手册（带小黄本）\055.jpg
N0394,E:\BaiduNetdiskDownload\26年6月新增：薛辉价值30000 线下达人班,赠1：25年新版学员高清手册（带小黄本）\056.jpg,056.jpg,.jpg,image,897473,个人IP,E:\BaiduNetdiskDownload\26年6月新增：薛辉价值30000 线下达人班\赠1：25年新版学员高清手册（带小黄本）\056.jpg
N0395,E:\BaiduNetdiskDownload\26年6月新增：薛辉价值30000 线下达人班,赠1：25年新版学员高清手册（带小黄本）\057.jpg,057.jpg,.jpg,image,921711,个人IP,E:\BaiduNetdiskDownload\26年6月新增：薛辉价值30000 线下达人班\赠1：25年新版学员高清手册（带小黄本）\057.jpg
N0396,E:\BaiduNetdiskDownload\26年6月新增：薛辉价值30000 线下达人班,赠1：25年新版学员高清手册（带小黄本）\060.jpg,060.jpg,.jpg,image,1503288,个人IP,E:\BaiduNetdiskDownload\26年6月新增：薛辉价值30000 线下达人班\赠1：25年新版学员高清手册（带小黄本）\060.jpg
N0397,E:\BaiduNetdiskDownload\26年6月新增：薛辉价值30000 线下达人班,赠1：25年新版学员高清手册（带小黄本）\061.jpg,061.jpg,.jpg,image,824573,个人IP,E:\BaiduNetdiskDownload\26年6月新增：薛辉价值30000 线下达人班\赠1：25年新版学员高清手册（带小黄本）\061.jpg
N0398,E:\BaiduNetdiskDownload\26年6月新增：薛辉价值30000 线下达人班,赠1：25年新版学员高清手册（带小黄本）\062.jpg,062.jpg,.jpg,image,855572,个人IP,E:\BaiduNetdiskDownload\26年6月新增：薛辉价值30000 线下达人班\赠1：25年新版学员高清手册（带小黄本）\062.jpg
N0399,E:\BaiduNetdiskDownload\26年6月新增：薛辉价值30000 线下达人班,赠1：25年新版学员高清手册（带小黄本）\063.jpg,063.jpg,.jpg,image,848752,个人IP,E:\BaiduNetdiskDownload\26年6月新增：薛辉价值30000 线下达人班\赠1：25年新版学员高清手册（带小黄本）\063.jpg
N0400,E:\BaiduNetdiskDownload\26年6月新增：薛辉价值30000 线下达人班,赠1：25年新版学员高清手册（带小黄本）\064.jpg,064.jpg,.jpg,image,810787,个人IP,E:\BaiduNetdiskDownload\26年6月新增：薛辉价值30000 线下达人班\赠1：25年新版学员高清手册（带小黄本）\064.jpg
N0401,E:\BaiduNetdiskDownload\26年6月新增：薛辉价值30000 线下达人班,赠1：25年新版学员高清手册（带小黄本）\065.jpg,065.jpg,.jpg,image,837154,个人IP,E:\BaiduNetdiskDownload\26年6月新增：薛辉价值30000 线下达人班\赠1：25年新版学员高清手册（带小黄本）\065.jpg
N0402,E:\BaiduNetdiskDownload\26年6月新增：薛辉价值30000 线下达人班,赠1：25年新版学员高清手册（带小黄本）\066.jpg,066.jpg,.jpg,image,767446,个人IP,E:\BaiduNetdiskDownload\26年6月新增：薛辉价值30000 线下达人班\赠1：25年新版学员高清手册（带小黄本）\066.jpg
N0403,E:\BaiduNetdiskDownload\26年6月新增：薛辉价值30000 线下达人班,赠1：25年新版学员高清手册（带小黄本）\067.jpg,067.jpg,.jpg,image,797400,个人IP,E:\BaiduNetdiskDownload\26年6月新增：薛辉价值30000 线下达人班\赠1：25年新版学员高清手册（带小黄本）\067.jpg
N0404,E:\BaiduNetdiskDownload\26年6月新增：薛辉价值30000 线下达人班,赠1：25年新版学员高清手册（带小黄本）\068.jpg,068.jpg,.jpg,image,773845,个人IP,E:\BaiduNetdiskDownload\26年6月新增：薛辉价值30000 线下达人班\赠1：25年新版学员高清手册（带小黄本）\068.jpg
N0405,E:\BaiduNetdiskDownload\26年6月新增：薛辉价值30000 线下达人班,赠1：25年新版学员高清手册（带小黄本）\069.jpg,069.jpg,.jpg,image,783945,个人IP,E:\BaiduNetdiskDownload\26年6月新增：薛辉价值30000 线下达人班\赠1：25年新版学员高清手册（带小黄本）\069.jpg
N0406,E:\BaiduNetdiskDownload\26年6月新增：薛辉价值30000 线下达人班,赠1：25年新版学员高清手册（带小黄本）\070.jpg,070.jpg,.jpg,image,778275,个人IP,E:\BaiduNetdiskDownload\26年6月新增：薛辉价值30000 线下达人班\赠1：25年新版学员高清手册（带小黄本）\070.jpg
N0407,E:\BaiduNetdiskDownload\26年6月新增：薛辉价值30000 线下达人班,赠1：25年新版学员高清手册（带小黄本）\脚本+转盘\001.jpg,001.jpg,.jpg,image,1254589,个人IP,E:\BaiduNetdiskDownload\26年6月新增：薛辉价值30000 线下达人班\赠1：25年新版学员高清手册（带小黄本）\脚本+转盘\001.jpg
N0408,E:\BaiduNetdiskDownload\26年6月新增：薛辉价值30000 线下达人班,赠1：25年新版学员高清手册（带小黄本）\脚本+转盘\002.jpg,002.jpg,.jpg,image,949219,个人IP,E:\BaiduNetdiskDownload\26年6月新增：薛辉价值30000 线下达人班\赠1：25年新版学员高清手册（带小黄本）\脚本+转盘\002.jpg
N0409,E:\BaiduNetdiskDownload\26年6月新增：薛辉价值30000 线下达人班,赠1：25年新版学员高清手册（带小黄本）\脚本+转盘\003.jpg,003.jpg,.jpg,image,625548,个人IP,E:\BaiduNetdiskDownload\26年6月新增：薛辉价值30000 线下达人班\赠1：25年新版学员高清手册（带小黄本）\脚本+转盘\003.jpg
N0410,E:\BaiduNetdiskDownload\26年6月新增：薛辉价值30000 线下达人班,赠1：25年新版学员高清手册（带小黄本）\脚本+转盘\004.jpg,004.jpg,.jpg,image,653519,个人IP,E:\BaiduNetdiskDownload\26年6月新增：薛辉价值30000 线下达人班\赠1：25年新版学员高清手册（带小黄本）\脚本+转盘\004.jpg
N0411,E:\BaiduNetdiskDownload\26年6月新增：薛辉价值30000 线下达人班,赠1：25年新版学员高清手册（带小黄本）\脚本+转盘\005.jpg,005.jpg,.jpg,image,1247563,个人IP,E:\BaiduNetdiskDownload\26年6月新增：薛辉价值30000 线下达人班\赠1：25年新版学员高清手册（带小黄本）\脚本+转盘\005.jpg
N0412,E:\BaiduNetdiskDownload\26年6月新增：薛辉价值30000 线下达人班,赠1：25年新版学员高清手册（带小黄本）\脚本+转盘\006(1).jpg,006(1).jpg,.jpg,image,903154,个人IP,E:\BaiduNetdiskDownload\26年6月新增：薛辉价值30000 线下达人班\赠1：25年新版学员高清手册（带小黄本）\脚本+转盘\006(1).jpg
N0413,E:\BaiduNetdiskDownload\26年6月新增：薛辉价值30000 线下达人班,赠1：25年新版学员高清手册（带小黄本）\脚本+转盘\006.jpg,006.jpg,.jpg,image,903154,个人IP,E:\BaiduNetdiskDownload\26年6月新增：薛辉价值30000 线下达人班\赠1：25年新版学员高清手册（带小黄本）\脚本+转盘\006.jpg
N0414,E:\BaiduNetdiskDownload\26年6月新增：薛辉价值30000 线下达人班,赠1：25年新版学员高清手册（带小黄本）\脚本+转盘\007.jpg,007.jpg,.jpg,image,928653,个人IP,E:\BaiduNetdiskDownload\26年6月新增：薛辉价值30000 线下达人班\赠1：25年新版学员高清手册（带小黄本）\脚本+转盘\007.jpg
N0415,E:\BaiduNetdiskDownload\26年6月新增：薛辉价值30000 线下达人班,赠1：25年新版学员高清手册（带小黄本）\脚本+转盘\008.jpg,008.jpg,.jpg,image,791774,个人IP,E:\BaiduNetdiskDownload\26年6月新增：薛辉价值30000 线下达人班\赠1：25年新版学员高清手册（带小黄本）\脚本+转盘\008.jpg
N0416,E:\BaiduNetdiskDownload\26年6月新增：薛辉价值30000 线下达人班,赠1：25年新版学员高清手册（带小黄本）\脚本+转盘\009.jpg,009.jpg,.jpg,image,1294602,个人IP,E:\BaiduNetdiskDownload\26年6月新增：薛辉价值30000 线下达人班\赠1：25年新版学员高清手册（带小黄本）\脚本+转盘\009.jpg
N0417,E:\BaiduNetdiskDownload\26年6月新增：薛辉价值30000 线下达人班,赠1：25年新版学员高清手册（带小黄本）\脚本+转盘\010.jpg,010.jpg,.jpg,image,1102318,个人IP,E:\BaiduNetdiskDownload\26年6月新增：薛辉价值30000 线下达人班\赠1：25年新版学员高清手册（带小黄本）\脚本+转盘\010.jpg
N0418,E:\BaiduNetdiskDownload\26年6月新增：薛辉价值30000 线下达人班,赠1：25年新版学员高清手册（带小黄本）\脚本+转盘\011.jpg.baiduyun.p.downloading,011.jpg.baiduyun.p.downloading,.downloading,other,2219755,个人IP,E:\BaiduNetdiskDownload\26年6月新增：薛辉价值30000 线下达人班\赠1：25年新版学员高清手册（带小黄本）\脚本+转盘\011.jpg.baiduyun.p.downloading
N0419,E:\BaiduNetdiskDownload\26年6月新增：薛辉价值30000 线下达人班,赠1：25年新版学员高清手册（带小黄本）\脚本+转盘\012.jpg,012.jpg,.jpg,image,2069763,个人IP,E:\BaiduNetdiskDownload\26年6月新增：薛辉价值30000 线下达人班\赠1：25年新版学员高清手册（带小黄本）\脚本+转盘\012.jpg
N0420,E:\BaiduNetdiskDownload\26年6月新增：薛辉价值30000 线下达人班,赠1：25年新版学员高清手册（带小黄本）\脚本+转盘\013.jpg,013.jpg,.jpg,image,2212490,个人IP,E:\BaiduNetdiskDownload\26年6月新增：薛辉价值30000 线下达人班\赠1：25年新版学员高清手册（带小黄本）\脚本+转盘\013.jpg
N0421,E:\BaiduNetdiskDownload\26年6月新增：薛辉价值30000 线下达人班,赠1：25年新版学员高清手册（带小黄本）\脚本+转盘\014.jpg,014.jpg,.jpg,image,2318973,个人IP,E:\BaiduNetdiskDownload\26年6月新增：薛辉价值30000 线下达人班\赠1：25年新版学员高清手册（带小黄本）\脚本+转盘\014.jpg
N0422,E:\BaiduNetdiskDownload\26年6月新增：薛辉价值30000 线下达人班,赠1：25年新版学员高清手册（带小黄本）\脚本+转盘\015.jpg,015.jpg,.jpg,image,2261460,个人IP,E:\BaiduNetdiskDownload\26年6月新增：薛辉价值30000 线下达人班\赠1：25年新版学员高清手册（带小黄本）\脚本+转盘\015.jpg
N0423,E:\BaiduNetdiskDownload\26年6月新增：薛辉价值30000 线下达人班,赠1：25年新版学员高清手册（带小黄本）\脚本+转盘\016.jpg,016.jpg,.jpg,image,533611,个人IP,E:\BaiduNetdiskDownload\26年6月新增：薛辉价值30000 线下达人班\赠1：25年新版学员高清手册（带小黄本）\脚本+转盘\016.jpg
N0424,E:\BaiduNetdiskDownload\26年6月新增：薛辉价值30000 线下达人班,赠1：25年新版学员高清手册（带小黄本）\脚本+转盘\017.jpg,017.jpg,.jpg,image,679247,个人IP,E:\BaiduNetdiskDownload\26年6月新增：薛辉价值30000 线下达人班\赠1：25年新版学员高清手册（带小黄本）\脚本+转盘\017.jpg
N0425,E:\BaiduNetdiskDownload\26年6月新增：薛辉价值30000 线下达人班,赠1：25年新版学员高清手册（带小黄本）\脚本+转盘\2025-02-05 143333.heic.baiduyun.p.downloading,2025-02-05 143333.heic.baiduyun.p.downloading,.downloading,other,2815442,个人IP,E:\BaiduNetdiskDownload\26年6月新增：薛辉价值30000 线下达人班\赠1：25年新版学员高清手册（带小黄本）\脚本+转盘\2025-02-05 143333.heic.baiduyun.p.downloading
N0426,E:\BaiduNetdiskDownload\26年6月新增：薛辉价值30000 线下达人班,赠2：薛辉8大AI智能体（11月更新新版提示词）\使用教程及指令词可复制.docx,使用教程及指令词可复制.docx,.docx,document,12753,个人IP,E:\BaiduNetdiskDownload\26年6月新增：薛辉价值30000 线下达人班\赠2：薛辉8大AI智能体（11月更新新版提示词）\使用教程及指令词可复制.docx
N0427,E:\BaiduNetdiskDownload\26年6月新增：薛辉价值30000 线下达人班,赠2：薛辉8大AI智能体（11月更新新版提示词）\智能体1：头牌.PNG,智能体1：头牌.PNG,.png,image,487938,个人IP,E:\BaiduNetdiskDownload\26年6月新增：薛辉价值30000 线下达人班\赠2：薛辉8大AI智能体（11月更新新版提示词）\智能体1：头牌.PNG
N0428,E:\BaiduNetdiskDownload\26年6月新增：薛辉价值30000 线下达人班,赠2：薛辉8大AI智能体（11月更新新版提示词）\智能体2：怀旧与古代.PNG,智能体2：怀旧与古代.PNG,.png,image,474474,个人IP,E:\BaiduNetdiskDownload\26年6月新增：薛辉价值30000 线下达人班\赠2：薛辉8大AI智能体（11月更新新版提示词）\智能体2：怀旧与古代.PNG
N0429,E:\BaiduNetdiskDownload\26年6月新增：薛辉价值30000 线下达人班,赠2：薛辉8大AI智能体（11月更新新版提示词）\智能体3：对立.PNG,智能体3：对立.PNG,.png,image,500597,个人IP,E:\BaiduNetdiskDownload\26年6月新增：薛辉价值30000 线下达人班\赠2：薛辉8大AI智能体（11月更新新版提示词）\智能体3：对立.PNG
N0430,E:\BaiduNetdiskDownload\26年6月新增：薛辉价值30000 线下达人班,赠2：薛辉8大AI智能体（11月更新新版提示词）\智能体4：爆款选题.PNG,智能体4：爆款选题.PNG,.png,image,509815,个人IP,E:\BaiduNetdiskDownload\26年6月新增：薛辉价值30000 线下达人班\赠2：薛辉8大AI智能体（11月更新新版提示词）\智能体4：爆款选题.PNG
N0431,E:\BaiduNetdiskDownload\26年6月新增：薛辉价值30000 线下达人班,赠2：薛辉8大AI智能体（11月更新新版提示词）\智能体5：荷尔蒙.PNG,智能体5：荷尔蒙.PNG,.png,image,511316,个人IP,E:\BaiduNetdiskDownload\26年6月新增：薛辉价值30000 线下达人班\赠2：薛辉8大AI智能体（11月更新新版提示词）\智能体5：荷尔蒙.PNG
N0432,E:\BaiduNetdiskDownload\26年6月新增：薛辉价值30000 线下达人班,赠2：薛辉8大AI智能体（11月更新新版提示词）\智能体6：猎奇.PNG,智能体6：猎奇.PNG,.png,image,459538,个人IP,E:\BaiduNetdiskDownload\26年6月新增：薛辉价值30000 线下达人班\赠2：薛辉8大AI智能体（11月更新新版提示词）\智能体6：猎奇.PNG
N0433,E:\BaiduNetdiskDownload\26年6月新增：薛辉价值30000 线下达人班,赠2：薛辉8大AI智能体（11月更新新版提示词）\智能体7：特定人群.PNG,智能体7：特定人群.PNG,.png,image,546720,个人IP,E:\BaiduNetdiskDownload\26年6月新增：薛辉价值30000 线下达人班\赠2：薛辉8大AI智能体（11月更新新版提示词）\智能体7：特定人群.PNG
N0434,E:\BaiduNetdiskDownload\26年6月新增：薛辉价值30000 线下达人班,赠2：薛辉8大AI智能体（11月更新新版提示词）\智能体8：成本.PNG,智能体8：成本.PNG,.png,image,484477,个人IP,E:\BaiduNetdiskDownload\26年6月新增：薛辉价值30000 线下达人班\赠2：薛辉8大AI智能体（11月更新新版提示词）\智能体8：成本.PNG
N0435,E:\BaiduNetdiskDownload\26年6月新增：薛辉价值30000 线下达人班,赠3：薛辉线上课程总结笔记\薛辉视频总结\薛辉晒过程脚本二.docx,薛辉晒过程脚本二.docx,.docx,document,8891277,个人IP,E:\BaiduNetdiskDownload\26年6月新增：薛辉价值30000 线下达人班\赠3：薛辉线上课程总结笔记\薛辉视频总结\薛辉晒过程脚本二.docx
N0436,E:\BaiduNetdiskDownload\26年6月新增：薛辉价值30000 线下达人班,赠3：薛辉线上课程总结笔记\薛辉视频总结\薛辉视频拆爆款.docx,薛辉视频拆爆款.docx,.docx,document,6013598,个人IP,E:\BaiduNetdiskDownload\26年6月新增：薛辉价值30000 线下达人班\赠3：薛辉线上课程总结笔记\薛辉视频总结\薛辉视频拆爆款.docx
N0437,E:\BaiduNetdiskDownload\26年6月新增：薛辉价值30000 线下达人班,赠3：薛辉线上课程总结笔记\薛辉视频总结\薛辉视频拍摄及呈现形式.docx,薛辉视频拍摄及呈现形式.docx,.docx,document,9740693,个人IP,E:\BaiduNetdiskDownload\26年6月新增：薛辉价值30000 线下达人班\赠3：薛辉线上课程总结笔记\薛辉视频总结\薛辉视频拍摄及呈现形式.docx
N0438,E:\BaiduNetdiskDownload\26年6月新增：薛辉价值30000 线下达人班,赠3：薛辉线上课程总结笔记\薛辉视频总结\薛辉视频拍摄呈现二.docx,薛辉视频拍摄呈现二.docx,.docx,document,3993847,个人IP,E:\BaiduNetdiskDownload\26年6月新增：薛辉价值30000 线下达人班\赠3：薛辉线上课程总结笔记\薛辉视频总结\薛辉视频拍摄呈现二.docx
N0439,E:\BaiduNetdiskDownload\26年6月新增：薛辉价值30000 线下达人班,赠3：薛辉线上课程总结笔记\薛辉视频总结\薛辉视频教知识脚本.docx,薛辉视频教知识脚本.docx,.docx,document,7019172,个人IP,E:\BaiduNetdiskDownload\26年6月新增：薛辉价值30000 线下达人班\赠3：薛辉线上课程总结笔记\薛辉视频总结\薛辉视频教知识脚本.docx
N0440,E:\BaiduNetdiskDownload\26年6月新增：薛辉价值30000 线下达人班,赠3：薛辉线上课程总结笔记\薛辉视频总结\薛辉视频晒过程脚本.docx,薛辉视频晒过程脚本.docx,.docx,document,7140879,个人IP,E:\BaiduNetdiskDownload\26年6月新增：薛辉价值30000 线下达人班\赠3：薛辉线上课程总结笔记\薛辉视频总结\薛辉视频晒过程脚本.docx
N0441,E:\BaiduNetdiskDownload\26年6月新增：薛辉价值30000 线下达人班,赠3：薛辉线上课程总结笔记\薛辉视频总结\薛辉视频电商选品和直播间搭建.docx,薛辉视频电商选品和直播间搭建.docx,.docx,document,9639336,带货视频,E:\BaiduNetdiskDownload\26年6月新增：薛辉价值30000 线下达人班\赠3：薛辉线上课程总结笔记\薛辉视频总结\薛辉视频电商选品和直播间搭建.docx
N0442,E:\BaiduNetdiskDownload\26年6月新增：薛辉价值30000 线下达人班,赠3：薛辉线上课程总结笔记\薛辉视频总结\薛辉视频直播间搭建二.docx,薛辉视频直播间搭建二.docx,.docx,document,9636451,待判定,E:\BaiduNetdiskDownload\26年6月新增：薛辉价值30000 线下达人班\赠3：薛辉线上课程总结笔记\薛辉视频总结\薛辉视频直播间搭建二.docx
N0443,E:\BaiduNetdiskDownload\26年6月新增：薛辉价值30000 线下达人班,赠3：薛辉线上课程总结笔记\薛辉视频总结\薛辉视频短视频剪辑.docx,薛辉视频短视频剪辑.docx,.docx,document,5485487,个人IP,E:\BaiduNetdiskDownload\26年6月新增：薛辉价值30000 线下达人班\赠3：薛辉线上课程总结笔记\薛辉视频总结\薛辉视频短视频剪辑.docx
N0444,E:\BaiduNetdiskDownload\26年6月新增：薛辉价值30000 线下达人班,赠3：薛辉线上课程总结笔记\薛辉视频总结\薛辉视频表现力.docx,薛辉视频表现力.docx,.docx,document,1440574,个人IP,E:\BaiduNetdiskDownload\26年6月新增：薛辉价值30000 线下达人班\赠3：薛辉线上课程总结笔记\薛辉视频总结\薛辉视频表现力.docx
N0445,E:\BaiduNetdiskDownload\26年6月新增：薛辉价值30000 线下达人班,赠3：薛辉线上课程总结笔记\薛辉视频总结\薛辉视频观点型脚本二.docx,薛辉视频观点型脚本二.docx,.docx,document,10363583,个人IP,E:\BaiduNetdiskDownload\26年6月新增：薛辉价值30000 线下达人班\赠3：薛辉线上课程总结笔记\薛辉视频总结\薛辉视频观点型脚本二.docx
N0446,E:\BaiduNetdiskDownload\26年6月新增：薛辉价值30000 线下达人班,赠3：薛辉线上课程总结笔记\薛辉视频总结\薛辉视频讲故事脚本.docx,薛辉视频讲故事脚本.docx,.docx,document,8140183,个人IP,E:\BaiduNetdiskDownload\26年6月新增：薛辉价值30000 线下达人班\赠3：薛辉线上课程总结笔记\薛辉视频总结\薛辉视频讲故事脚本.docx
N0447,E:\BaiduNetdiskDownload\26年6月新增：薛辉价值30000 线下达人班,赠3：薛辉线上课程总结笔记\薛辉视频总结\薛辉课程.docx,薛辉课程.docx,.docx,document,8830707,个人IP,E:\BaiduNetdiskDownload\26年6月新增：薛辉价值30000 线下达人班\赠3：薛辉线上课程总结笔记\薛辉视频总结\薛辉课程.docx
N0448,E:\BaiduNetdiskDownload\26年6月新增：薛辉价值30000 线下达人班,赠3：薛辉线上课程总结笔记\赠： 安老师课程总结\10视频制作.docx,10视频制作.docx,.docx,document,63831,个人IP,E:\BaiduNetdiskDownload\26年6月新增：薛辉价值30000 线下达人班\赠3：薛辉线上课程总结笔记\赠： 安老师课程总结\10视频制作.docx
N0449,E:\BaiduNetdiskDownload\26年6月新增：薛辉价值30000 线下达人班,赠3：薛辉线上课程总结笔记\赠： 安老师课程总结\11.表现力.docx,11.表现力.docx,.docx,document,94213,个人IP,E:\BaiduNetdiskDownload\26年6月新增：薛辉价值30000 线下达人班\赠3：薛辉线上课程总结笔记\赠： 安老师课程总结\11.表现力.docx
N0450,E:\BaiduNetdiskDownload\26年6月新增：薛辉价值30000 线下达人班,赠3：薛辉线上课程总结笔记\赠： 安老师课程总结\12短视频是什么(1).docx,12短视频是什么(1).docx,.docx,document,14585,个人IP,E:\BaiduNetdiskDownload\26年6月新增：薛辉价值30000 线下达人班\赠3：薛辉线上课程总结笔记\赠： 安老师课程总结\12短视频是什么(1).docx
N0451,E:\BaiduNetdiskDownload\26年6月新增：薛辉价值30000 线下达人班,赠3：薛辉线上课程总结笔记\赠： 安老师课程总结\12短视频是什么.docx,12短视频是什么.docx,.docx,document,14585,个人IP,E:\BaiduNetdiskDownload\26年6月新增：薛辉价值30000 线下达人班\赠3：薛辉线上课程总结笔记\赠： 安老师课程总结\12短视频是什么.docx
N0452,E:\BaiduNetdiskDownload\26年6月新增：薛辉价值30000 线下达人班,赠3：薛辉线上课程总结笔记\赠： 安老师课程总结\13爆款选题(1).docx,13爆款选题(1).docx,.docx,document,120081,个人IP,E:\BaiduNetdiskDownload\26年6月新增：薛辉价值30000 线下达人班\赠3：薛辉线上课程总结笔记\赠： 安老师课程总结\13爆款选题(1).docx
N0453,E:\BaiduNetdiskDownload\26年6月新增：薛辉价值30000 线下达人班,赠3：薛辉线上课程总结笔记\赠： 安老师课程总结\13爆款选题.docx,13爆款选题.docx,.docx,document,120081,个人IP,E:\BaiduNetdiskDownload\26年6月新增：薛辉价值30000 线下达人班\赠3：薛辉线上课程总结笔记\赠： 安老师课程总结\13爆款选题.docx
N0454,E:\BaiduNetdiskDownload\26年6月新增：薛辉价值30000 线下达人班,赠3：薛辉线上课程总结笔记\赠： 安老师课程总结\14结构的精细化处理（钩子）.docx,14结构的精细化处理（钩子）.docx,.docx,document,15137,个人IP,E:\BaiduNetdiskDownload\26年6月新增：薛辉价值30000 线下达人班\赠3：薛辉线上课程总结笔记\赠： 安老师课程总结\14结构的精细化处理（钩子）.docx
N0455,E:\BaiduNetdiskDownload\26年6月新增：薛辉价值30000 线下达人班,赠3：薛辉线上课程总结笔记\赠： 安老师课程总结\15结构的精细化处理（骨架）(1).docx,15结构的精细化处理（骨架）(1).docx,.docx,document,62601,个人IP,E:\BaiduNetdiskDownload\26年6月新增：薛辉价值30000 线下达人班\赠3：薛辉线上课程总结笔记\赠： 安老师课程总结\15结构的精细化处理（骨架）(1).docx
N0456,E:\BaiduNetdiskDownload\26年6月新增：薛辉价值30000 线下达人班,赠3：薛辉线上课程总结笔记\赠： 安老师课程总结\15结构的精细化处理（骨架）.docx,15结构的精细化处理（骨架）.docx,.docx,document,62601,个人IP,E:\BaiduNetdiskDownload\26年6月新增：薛辉价值30000 线下达人班\赠3：薛辉线上课程总结笔记\赠： 安老师课程总结\15结构的精细化处理（骨架）.docx
N0457,E:\BaiduNetdiskDownload\26年6月新增：薛辉价值30000 线下达人班,赠3：薛辉线上课程总结笔记\赠： 安老师课程总结\16结构的精细化处理（情绪刺点）.docx,16结构的精细化处理（情绪刺点）.docx,.docx,document,12542,个人IP,E:\BaiduNetdiskDownload\26年6月新增：薛辉价值30000 线下达人班\赠3：薛辉线上课程总结笔记\赠： 安老师课程总结\16结构的精细化处理（情绪刺点）.docx
N0458,E:\BaiduNetdiskDownload\26年6月新增：薛辉价值30000 线下达人班,赠3：薛辉线上课程总结笔记\赠： 安老师课程总结\17情景化思维.docx,17情景化思维.docx,.docx,document,264203,个人IP,E:\BaiduNetdiskDownload\26年6月新增：薛辉价值30000 线下达人班\赠3：薛辉线上课程总结笔记\赠： 安老师课程总结\17情景化思维.docx
N0459,E:\BaiduNetdiskDownload\26年6月新增：薛辉价值30000 线下达人班,赠3：薛辉线上课程总结笔记\赠： 安老师课程总结\2.流量是什么.docx,2.流量是什么.docx,.docx,document,33567,个人IP,E:\BaiduNetdiskDownload\26年6月新增：薛辉价值30000 线下达人班\赠3：薛辉线上课程总结笔记\赠： 安老师课程总结\2.流量是什么.docx
N0460,E:\BaiduNetdiskDownload\26年6月新增：薛辉价值30000 线下达人班,赠3：薛辉线上课程总结笔记\赠： 安老师课程总结\21故事性思维.docx,21故事性思维.docx,.docx,document,218771,个人IP,E:\BaiduNetdiskDownload\26年6月新增：薛辉价值30000 线下达人班\赠3：薛辉线上课程总结笔记\赠： 安老师课程总结\21故事性思维.docx
N0461,E:\BaiduNetdiskDownload\26年6月新增：薛辉价值30000 线下达人班,赠3：薛辉线上课程总结笔记\赠： 安老师课程总结\23时间的语法.docx,23时间的语法.docx,.docx,document,294281,个人IP,E:\BaiduNetdiskDownload\26年6月新增：薛辉价值30000 线下达人班\赠3：薛辉线上课程总结笔记\赠： 安老师课程总结\23时间的语法.docx
N0462,E:\BaiduNetdiskDownload\26年6月新增：薛辉价值30000 线下达人班,赠3：薛辉线上课程总结笔记\赠： 安老师课程总结\24用户、产品、营销.docx,24用户、产品、营销.docx,.docx,document,12792,待判定,E:\BaiduNetdiskDownload\26年6月新增：薛辉价值30000 线下达人班\赠3：薛辉线上课程总结笔记\赠： 安老师课程总结\24用户、产品、营销.docx
N0463,E:\BaiduNetdiskDownload\26年6月新增：薛辉价值30000 线下达人班,赠3：薛辉线上课程总结笔记\赠： 安老师课程总结\25物品的视觉设计效果.docx,25物品的视觉设计效果.docx,.docx,document,998208,个人IP,E:\BaiduNetdiskDownload\26年6月新增：薛辉价值30000 线下达人班\赠3：薛辉线上课程总结笔记\赠： 安老师课程总结\25物品的视觉设计效果.docx
N0464,E:\BaiduNetdiskDownload\26年6月新增：薛辉价值30000 线下达人班,赠3：薛辉线上课程总结笔记\赠： 安老师课程总结\26和27空间的处理和调度.docx,26和27空间的处理和调度.docx,.docx,document,299593,个人IP,E:\BaiduNetdiskDownload\26年6月新增：薛辉价值30000 线下达人班\赠3：薛辉线上课程总结笔记\赠： 安老师课程总结\26和27空间的处理和调度.docx
N0465,E:\BaiduNetdiskDownload\26年6月新增：薛辉价值30000 线下达人班,赠3：薛辉线上课程总结笔记\赠： 安老师课程总结\26空间的处理和调度.docx,26空间的处理和调度.docx,.docx,document,137216,个人IP,E:\BaiduNetdiskDownload\26年6月新增：薛辉价值30000 线下达人班\赠3：薛辉线上课程总结笔记\赠： 安老师课程总结\26空间的处理和调度.docx
N0466,E:\BaiduNetdiskDownload\26年6月新增：薛辉价值30000 线下达人班,赠3：薛辉线上课程总结笔记\赠： 安老师课程总结\3.兴趣推荐算法.docx,3.兴趣推荐算法.docx,.docx,document,24284,个人IP,E:\BaiduNetdiskDownload\26年6月新增：薛辉价值30000 线下达人班\赠3：薛辉线上课程总结笔记\赠： 安老师课程总结\3.兴趣推荐算法.docx
N0467,E:\BaiduNetdiskDownload\26年6月新增：薛辉价值30000 线下达人班,赠3：薛辉线上课程总结笔记\赠： 安老师课程总结\4.账号人设定位（上）.docx,4.账号人设定位（上）.docx,.docx,document,26819,个人IP,E:\BaiduNetdiskDownload\26年6月新增：薛辉价值30000 线下达人班\赠3：薛辉线上课程总结笔记\赠： 安老师课程总结\4.账号人设定位（上）.docx
N0468,E:\BaiduNetdiskDownload\26年6月新增：薛辉价值30000 线下达人班,赠3：薛辉线上课程总结笔记\赠： 安老师课程总结\5.账号人设定位（中）.docx,5.账号人设定位（中）.docx,.docx,document,14952,个人IP,E:\BaiduNetdiskDownload\26年6月新增：薛辉价值30000 线下达人班\赠3：薛辉线上课程总结笔记\赠： 安老师课程总结\5.账号人设定位（中）.docx
N0469,E:\BaiduNetdiskDownload\26年6月新增：薛辉价值30000 线下达人班,赠3：薛辉线上课程总结笔记\赠： 安老师课程总结\6.账号人设定位（下）.docx,6.账号人设定位（下）.docx,.docx,document,21714,个人IP,E:\BaiduNetdiskDownload\26年6月新增：薛辉价值30000 线下达人班\赠3：薛辉线上课程总结笔记\赠： 安老师课程总结\6.账号人设定位（下）.docx
N0470,E:\BaiduNetdiskDownload\26年6月新增：薛辉价值30000 线下达人班,赠3：薛辉线上课程总结笔记\赠： 安老师课程总结\7.常规人设内容以及作业模板.docx,7.常规人设内容以及作业模板.docx,.docx,document,13669,个人IP,E:\BaiduNetdiskDownload\26年6月新增：薛辉价值30000 线下达人班\赠3：薛辉线上课程总结笔记\赠： 安老师课程总结\7.常规人设内容以及作业模板.docx
N0471,E:\BaiduNetdiskDownload\26年6月新增：薛辉价值30000 线下达人班,赠3：薛辉线上课程总结笔记\赠： 安老师课程总结\8.选题工作流程、内容线部署.docx,8.选题工作流程、内容线部署.docx,.docx,document,19940,个人IP,E:\BaiduNetdiskDownload\26年6月新增：薛辉价值30000 线下达人班\赠3：薛辉线上课程总结笔记\赠： 安老师课程总结\8.选题工作流程、内容线部署.docx
N0472,E:\BaiduNetdiskDownload\26年6月新增：薛辉价值30000 线下达人班,赠3：薛辉线上课程总结笔记\赠： 安老师课程总结\9.文字语言基本功.docx,9.文字语言基本功.docx,.docx,document,527208,个人IP,E:\BaiduNetdiskDownload\26年6月新增：薛辉价值30000 线下达人班\赠3：薛辉线上课程总结笔记\赠： 安老师课程总结\9.文字语言基本功.docx
N0473,E:\BaiduNetdiskDownload\26年6月新增：薛辉价值30000 线下达人班,赠3：薛辉线上课程总结笔记\赠： 安老师课程总结\１８销售与成交.docx,１８销售与成交.docx,.docx,document,161822,待判定,E:\BaiduNetdiskDownload\26年6月新增：薛辉价值30000 线下达人班\赠3：薛辉线上课程总结笔记\赠： 安老师课程总结\１８销售与成交.docx
N0474,E:\BaiduNetdiskDownload\26年6月新增：薛辉价值30000 线下达人班,赠3：薛辉线上课程总结笔记\赠： 安老师课程总结\１９引流获客体系搭建.docx,１９引流获客体系搭建.docx,.docx,document,10587,个人IP,E:\BaiduNetdiskDownload\26年6月新增：薛辉价值30000 线下达人班\赠3：薛辉线上课程总结笔记\赠： 安老师课程总结\１９引流获客体系搭建.docx
N0475,E:\BaiduNetdiskDownload\26年6月新增：薛辉价值30000 线下达人班,赠3：薛辉线上课程总结笔记\赠： 安老师课程总结\２０内容的复盘和规划.docx,２０内容的复盘和规划.docx,.docx,document,63796,个人IP,E:\BaiduNetdiskDownload\26年6月新增：薛辉价值30000 线下达人班\赠3：薛辉线上课程总结笔记\赠： 安老师课程总结\２０内容的复盘和规划.docx
N0476,E:\BaiduNetdiskDownload\26年6月新增：薛辉价值30000 线下达人班,赠3：薛辉线上课程总结笔记\赠： 安老师课程总结\２８自媒体的立场和姿态.docx,２８自媒体的立场和姿态.docx,.docx,document,11121,个人IP,E:\BaiduNetdiskDownload\26年6月新增：薛辉价值30000 线下达人班\赠3：薛辉线上课程总结笔记\赠： 安老师课程总结\２８自媒体的立场和姿态.docx
N0477,E:\BaiduNetdiskDownload\26年6月新增：薛辉价值30000 线下达人班,赠4：薛辉IP定位表（高价值，帮找定位）\IP定位表.xlsx,IP定位表.xlsx,.xlsx,document,12722,个人IP,E:\BaiduNetdiskDownload\26年6月新增：薛辉价值30000 线下达人班\赠4：薛辉IP定位表（高价值，帮找定位）\IP定位表.xlsx
N0478,E:\BaiduNetdiskDownload\26年6月新增：薛辉价值30000 线下达人班,运营策划表.xlsx,运营策划表.xlsx,.xlsx,document,13320,个人IP,E:\BaiduNetdiskDownload\26年6月新增：薛辉价值30000 线下达人班\运营策划表.xlsx
N0479,E:\BaiduNetdiskDownload\26年6月最新直播间小黄车39精品账号定位课,账号定位课.mp4,账号定位课.mp4,.mp4,video,3449502018,带货视频,E:\BaiduNetdiskDownload\26年6月最新直播间小黄车39精品账号定位课\账号定位课.mp4
